ID_SOF,ID_SO,ROK,KOLO,IZO,REDIZO,NÁZEV ŠKOLY,ULICE,OBEC,PSČ,KRAJ,KRAJ - NÁZEV,OKRES,OKRES - NÁZEV,ORP,ORP-NÁZEV,ZŘIZOVATEL,ZŘIZOVATEL - NÁZEV,ROČNÍK,MATURITNÍ STATUS,POVINNOST JPZ,TYP ŠKOLY,TYP ŠKOLY - NÁZEV,SKUPINA OBORŮ (16),KKOV,OBOR - NÁZEV,ZAMĚŘENÍ OBORU,FORMA VZDĚLÁVÁNÍ,DÉLKA STUDIA,ZKRÁCENÉ STUDIUM,JAZYK STUDIA,KAPACITA,INDEX POPTÁVKY (PŘIHLÁŠKY / KAPACITA),PŘIHLÁŠKY CELKEM,PŘIHLÁŠKY - PRIORITA 1,PŘIHLÁŠKY - PRIORITA 2,PŘIHLÁŠKY - PRIORITA 3,PŘIHLÁŠKY - PRIORITA 4,PŘIHLÁŠKY - PRIORITA 5
a2270111-15f3-4732-bb35-ec3e870a1c64,7cc25ffd-1a6f-4488-bf3e-f3633332655f,2026,1,izo_000519324,600008975,"Gymnázium Aš, příspěvková organizace",Hlavní 2514,Aš,35201,CZ041,Karlovarský,CZ0411,Cheb,4101,Aš,7,veřejné/státní,5,maturitní,1,GY8,Gymnázia 8letá,GY8,79-41-K/81,Gymnázium,,den,8,ne,Český,30,2.1,63,51,2,10,0,0
4f796583-d06a-4c4b-8ab4-5c46ad3d547a,75f1bf08-4244-459d-a482-c0d266db2cb1,2026,1,izo_000478423,600008991,Gymnázium a obchodní akademie Mar. Lázně,Ruská 355,Mariánské Lázně,35301,CZ041,Karlovarský,CZ0411,Cheb,4105,Mariánské Lázně,7,veřejné/státní,9,maturitní,1,SOS,SOŠ,SEK,63-41-M/02,Obchodní akademie,,den,4,ne,Český,30,3.533333333333333,106,35,25,46,0,0
17a993ab-7681-4ba5-bb44-7ac36753a62f,f866c2fc-f696-4212-a420-57c0107dd7e2,2026,1,izo_000478423,600008991,Gymnázium a obchodní akademie Mar. Lázně,Ruská 355,Mariánské Lázně,35301,CZ041,Karlovarský,CZ0411,Cheb,4105,Mariánské Lázně,7,veřejné/státní,9,maturitní,1,GY4,Gymnázia 4letá,GY4,79-41-K/41,Gymnázium,,den,4,ne,Český,30,3,90,25,36,25,2,2
e36360b3-a6f1-47c8-af28-78fb33f702a1,d7dd67fd-bfd0-408f-a1a2-0a2442cd1500,2026,1,izo_000478423,600008991,Gymnázium a obchodní akademie Mar. Lázně,Ruská 355,Mariánské Lázně,35301,CZ041,Karlovarský,CZ0411,Cheb,4105,Mariánské Lázně,7,veřejné/státní,5,maturitní,1,GY8,Gymnázia 8letá,GY8,79-41-K/81,Gymnázium,,den,8,ne,Český,30,2.7,81,65,13,3,0,0
548bbc5a-38b4-4c6f-b319-a8ddb59d1e31,c3e0d35c-75d3-4ea6-a471-3dd0daba6056,2026,1,izo_000076953,600009009,Gymnázium Cheb,Nerudova 2283,Cheb,35002,CZ041,Karlovarský,CZ0411,Cheb,4102,Cheb,7,veřejné/státní,9,maturitní,1,GY4,Gymnázia 4letá,GY4,79-41-K/41,Gymnázium,Gymnázium Cheb - Brána na VŠ,den,4,ne,Český,32,2.28125,73,40,19,12,2,0
731b2a5f-bd59-4b0b-9c7c-365ddf551a21,d5b2f660-6e1d-49b2-a4e7-fe81febeb66c,2026,1,izo_000076953,600009009,Gymnázium Cheb,Nerudova 2283,Cheb,35002,CZ041,Karlovarský,CZ0411,Cheb,4102,Cheb,7,veřejné/státní,5,maturitní,1,GY8,Gymnázia 8letá,GY8,79-41-K/81,Gymnázium,Gymnázium Cheb - Brána na VŠ,den,8,ne,Český,60,2.3333333333333335,140,87,47,6,0,0
e73f811f-11cf-4d57-865a-19247cb9937c,9b534349-048f-40cd-811c-beb1b85fa3b9,2026,1,izo_000077119,600009033,Hotelová škola Mariánské Lázně,Komenského 449,Mariánské Lázně,35301,CZ041,Karlovarský,CZ0411,Cheb,4105,Mariánské Lázně,7,veřejné/státní,9,maturitní,1,SOS,SOŠ,SHP,65-42-M/01,Hotelnictví,Hotelnictví a turismus,den,4,ne,Český,90,1.5444444444444445,139,43,42,50,4,0
1ed73658-64be-44da-9b85-599d7f0abca6,60166ae6-3b88-4494-8c8e-a546b4d4f034,2026,1,izo_000077119,600009033,Hotelová škola Mariánské Lázně,Komenského 449,Mariánské Lázně,35301,CZ041,Karlovarský,CZ0411,Cheb,4105,Mariánské Lázně,7,veřejné/státní,9,nematuritní,2,SOU_VL,SOU s výuč. listem,UVL,65-51-H/01,Kuchař - číšník,Kuchař/kuchařka,den,3,ne,Český,30,1.6333333333333333,49,4,16,28,1,0
17870544-8665-4edf-b5d3-11bbe0a488bf,60166ae6-3b88-4494-8c8e-a546b4d4f034,2026,1,izo_000077119,600009033,Hotelová škola Mariánské Lázně,Komenského 449,Mariánské Lázně,35301,CZ041,Karlovarský,CZ0411,Cheb,4105,Mariánské Lázně,7,veřejné/státní,9,nematuritní,2,SOU_VL,SOU s výuč. listem,UVL,65-51-H/01,Kuchař - číšník,Číšník/servírka,den,3,ne,Český,30,2.2333333333333334,67,19,18,29,0,1
d78161fb-f0c9-484b-81aa-3478b592b46a,722ee3bf-6e95-4938-94fc-b1d26e9ea86b,2026,1,izo_108015769,600009076,"Svob.cheb.škola, ZŠ a gymnázium s.r.o.",Jánské náměstí 256,Cheb,35002,CZ041,Karlovarský,CZ0411,Cheb,4102,Cheb,5,soukromé,5,maturitní,1,GY8,Gymnázia 8letá,GY8,79-41-K/81,Gymnázium,,den,8,ne,Český,18,4.222222222222222,76,23,46,7,0,0
6af4055b-a628-404c-a65d-f2e04bf10ad5,b7ea2e8f-16ec-43f5-b969-e991aee1e605,2026,1,izo_000077127,600009084,Střední průmyslová škola Ostrov,Klínovecká 1197,Ostrov,36301,CZ041,Karlovarský,CZ0412,Karlovy Vary,4106,Ostrov,7,veřejné/státní,9,maturitní,1,SOS,SOŠ,ST1,18-20-M/01,Informační technologie,,den,4,ne,Český,30,3.1666666666666665,95,59,28,7,1,0
3850c927-ccb8-4f20-8f0f-451099f301c5,0ae96830-7c6f-4a83-bc51-3ef7f0e04ea3,2026,1,izo_000077127,600009084,Střední průmyslová škola Ostrov,Klínovecká 1197,Ostrov,36301,CZ041,Karlovarský,CZ0412,Karlovy Vary,4106,Ostrov,7,veřejné/státní,9,maturitní,1,SOS,SOŠ,ST1,23-41-M/01,Strojírenství,,den,4,ne,Český,30,2.2,66,23,26,17,0,0
5d79cf42-7ce2-4fa0-9c6c-db1474b90114,0c5fa893-ab7a-4fa0-a76c-5f7a19776878,2026,1,izo_000077127,600009084,Střední průmyslová škola Ostrov,Klínovecká 1197,Ostrov,36301,CZ041,Karlovarský,CZ0412,Karlovy Vary,4106,Ostrov,7,veřejné/státní,9,nematuritní,2,SOU_VL,SOU s výuč. listem,UVL,23-68-H/01,Mechanik opravář motorových vozidel,,den,3,ne,Český,30,4.366666666666666,131,50,30,49,2,0
8a35d392-84c6-4282-b900-91997c0a3a98,d5b67939-8c7d-4648-ad3e-f3009823ecab,2026,1,izo_000077127,600009084,Střední průmyslová škola Ostrov,Klínovecká 1197,Ostrov,36301,CZ041,Karlovarský,CZ0412,Karlovy Vary,4106,Ostrov,7,veřejné/státní,9,maturitní,1,SOS,SOŠ,ST1,26-41-M/01,Elektrotechnika,,dal,5,ne,Český,30,0.16666666666666666,5,3,0,2,0,0
f21ef7e0-0224-4e30-8119-3c913b0ef7fe,e6f350c5-7ec0-426b-9f16-ddfdb81b6cab,2026,1,izo_000077127,600009084,Střední průmyslová škola Ostrov,Klínovecká 1197,Ostrov,36301,CZ041,Karlovarský,CZ0412,Karlovy Vary,4106,Ostrov,7,veřejné/státní,9,maturitní,1,SOS,SOŠ,ST1,26-41-M/01,Elektrotechnika,,den,4,ne,Český,30,4.3,129,56,49,24,0,0
da9009b8-55ab-4849-a7f1-9a05c8cab911,b77cb31e-b90d-42b7-a8a8-c6c52330bba7,2026,1,izo_000077127,600009084,Střední průmyslová škola Ostrov,Klínovecká 1197,Ostrov,36301,CZ041,Karlovarský,CZ0412,Karlovy Vary,4106,Ostrov,7,veřejné/státní,9,maturitní,1,SOU,SOU s maturitou,UTE,39-41-L/01,Autotronik,,den,4,ne,Český,30,4.066666666666666,122,61,39,22,0,0
3fb378f2-5ca5-47c4-87c6-34106704562b,21863539-2942-4a7d-9141-e482def61e81,2026,1,izo_000077127,600009084,Střední průmyslová škola Ostrov,Klínovecká 1197,Ostrov,36301,CZ041,Karlovarský,CZ0412,Karlovy Vary,4106,Ostrov,7,veřejné/státní,9,maturitní,1,SOS,SOŠ,SHU,68-43-M/01,Veřejnosprávní činnost,,den,4,ne,Český,30,3.6333333333333333,109,26,43,38,2,0
2978c9eb-eacb-47ed-95d3-81ccf496dbea,ab8f72ee-7f31-4e6a-b973-f30b05c10967,2026,1,izo_000077127,600009084,Střední průmyslová škola Ostrov,Klínovecká 1197,Ostrov,36301,CZ041,Karlovarský,CZ0412,Karlovy Vary,4106,Ostrov,7,veřejné/státní,9,maturitní,1,LYC,Lycea,LYC,78-42-M/01,Technické lyceum,,den,4,ne,Český,30,2.2333333333333334,67,21,32,14,0,0
4a673635-50c0-4fe4-8eff-61a65aa3b807,112bb850-3b3b-4195-9d20-1e8171f9ef86,2026,1,izo_000520055,600009106,Střední škola stravování a služeb K.Vary,Ondřejská 1122,Karlovy Vary,36001,CZ041,Karlovarský,CZ0412,Karlovy Vary,4103,Karlovy Vary,7,veřejné/státní,9,nematuritní,2,SOU_VL,SOU s výuč. listem,UVL,29-54-H/01,Cukrář,,den,3,ne,Český,15,3.533333333333333,53,14,20,18,1,0
95b96fbf-7ded-4b46-b99c-e40d8062ec87,d7f453ff-5f23-488d-a0bf-1bc75848c562,2026,1,izo_000520055,600009106,Střední škola stravování a služeb K.Vary,Ondřejská 1122,Karlovy Vary,36001,CZ041,Karlovarský,CZ0412,Karlovy Vary,4103,Karlovy Vary,7,veřejné/státní,9,maturitní,1,SOU,SOU s maturitou,UOS,65-41-L/01,Gastronomie,(Gastronomie a hotelnictví),den,4,ne,Český,30,3.033333333333333,91,11,42,38,0,0
1ac03a87-9e3c-4ca5-85b1-77bbb6fdead1,5e82ee08-f3cd-4109-b7c8-873c8676ca67,2026,1,izo_000520055,600009106,Střední škola stravování a služeb K.Vary,Ondřejská 1122,Karlovy Vary,36001,CZ041,Karlovarský,CZ0412,Karlovy Vary,4103,Karlovy Vary,7,veřejné/státní,9,maturitní,1,NAS,Nástavby,NOS,65-41-L/51,Gastronomie,(Gastronomie a hotelnictví nástavba),den,2,ne,Český,30,1.7333333333333334,52,48,4,0,0,0
269d523f-d42b-4106-82d6-a7d40db2f87c,05271fec-da86-43b8-bd0a-baf4b94f1e92,2026,1,izo_000520055,600009106,Střední škola stravování a služeb K.Vary,Ondřejská 1122,Karlovy Vary,36001,CZ041,Karlovarský,CZ0412,Karlovy Vary,4103,Karlovy Vary,7,veřejné/státní,9,nematuritní,2,SOU_VL,SOU s výuč. listem,UVL,65-51-E/01,Stravovací a ubytovací služby,,den,3,ne,Český,24,2.125,51,13,11,27,0,0
ce0eb7d8-bd90-459a-8365-a91640133816,357ea563-bde4-4a0b-aae3-70739a64edfe,2026,1,izo_000520055,600009106,Střední škola stravování a služeb K.Vary,Ondřejská 1122,Karlovy Vary,36001,CZ041,Karlovarský,CZ0412,Karlovy Vary,4103,Karlovy Vary,7,veřejné/státní,9,nematuritní,2,SOU_VL,SOU s výuč. listem,UVL,65-51-H/01,Kuchař - číšník,(Kuchař),den,3,ne,Český,60,1.7333333333333334,104,37,25,42,0,0
71d787be-27a6-4f0d-9cf1-449d3ad5da01,357ea563-bde4-4a0b-aae3-70739a64edfe,2026,1,izo_000520055,600009106,Střední škola stravování a služeb K.Vary,Ondřejská 1122,Karlovy Vary,36001,CZ041,Karlovarský,CZ0412,Karlovy Vary,4103,Karlovy Vary,7,veřejné/státní,9,nematuritní,2,SOU_VL,SOU s výuč. listem,UVL,65-51-H/01,Kuchař - číšník,"(Číšník, barman, barista)",den,3,ne,Český,30,3.6333333333333333,109,33,35,40,1,0
f6642b70-af29-4a7e-97ce-41c9b6d951c1,357ea563-bde4-4a0b-aae3-70739a64edfe,2026,1,izo_000520055,600009106,Střední škola stravování a služeb K.Vary,Ondřejská 1122,Karlovy Vary,36001,CZ041,Karlovarský,CZ0412,Karlovy Vary,4103,Karlovy Vary,7,veřejné/státní,9,nematuritní,2,SOU_VL,SOU s výuč. listem,UVL,65-51-H/01,Kuchař - číšník,(Číšník),den,3,ne,Český,30,3.1,93,13,32,46,1,1
6e1ebb5e-0333-4eee-9936-949ba60caee1,a92ef6f0-960d-4d53-8641-576dad733728,2026,1,izo_000520055,600009106,Střední škola stravování a služeb K.Vary,Ondřejská 1122,Karlovy Vary,36001,CZ041,Karlovarský,CZ0412,Karlovy Vary,4103,Karlovy Vary,7,veřejné/státní,9,nematuritní,2,SOU_VL,SOU s výuč. listem,UVL,69-51-H/01,Kadeřník,,den,3,ne,Český,15,6.733333333333333,101,40,13,45,1,2
62f6a440-fd2b-4eb9-90f0-dc1fe48f4800,2e520f8a-d2f7-4077-ab25-73db7be3d8fe,2026,1,izo_049753789,600009122,"Střední pedagog. škola, gymnázium a VOŠ",Lidická 455,Karlovy Vary,36001,CZ041,Karlovarský,CZ0412,Karlovy Vary,4103,Karlovy Vary,7,veřejné/státní,9,maturitní,1,SOS,SOŠ,SHU,75-31-M/01,Předškolní a mimoškolní pedagogika,,den,4,ne,Český,60,2.45,147,83,40,22,0,2
062372a0-66e1-46b5-a61f-f5b5104e64d3,4381d217-9fb8-4676-9b2e-28442bce9404,2026,1,izo_049753789,600009122,"Střední pedagog. škola, gymnázium a VOŠ",Lidická 455,Karlovy Vary,36001,CZ041,Karlovarský,CZ0412,Karlovy Vary,4103,Karlovy Vary,7,veřejné/státní,9,maturitní,1,SOS,SOŠ,SHU,75-41-M/01,Sociální činnost,,den,4,ne,Český,30,4.033333333333333,121,32,54,31,3,1
bf772c56-0cdc-492a-b788-6381564450f5,d6504722-267b-4a00-bdb1-b431d6fd7063,2026,1,izo_049753789,600009122,"Střední pedagog. škola, gymnázium a VOŠ",Lidická 455,Karlovy Vary,36001,CZ041,Karlovarský,CZ0412,Karlovy Vary,4103,Karlovy Vary,7,veřejné/státní,9,maturitní,1,LYC,Lycea,LYC,78-42-M/03,Pedagogické lyceum,,den,4,ne,Český,30,5,150,61,55,28,3,3
ab256e9b-1f08-4071-a590-d086d965364a,ff1fe9d7-4fb2-4847-a534-cf85d5c13b12,2026,1,izo_049753789,600009122,"Střední pedagog. škola, gymnázium a VOŠ",Lidická 455,Karlovy Vary,36001,CZ041,Karlovarský,CZ0412,Karlovy Vary,4103,Karlovy Vary,7,veřejné/státní,9,maturitní,1,GY4,Gymnázia 4letá,GY4,79-41-K/41,Gymnázium,,den,4,ne,Český,30,2.533333333333333,76,42,22,11,1,0
ee504940-2639-44aa-995c-ab1a0d8bb5f1,ae092bd9-0a94-42a2-8059-4d9f2fa1c6e5,2026,1,izo_000077224,600009190,"OA, VOŠ cest.ruchu a Jaz.škola s pr. SJZ",Bezručova 1312,Karlovy Vary,36001,CZ041,Karlovarský,CZ0412,Karlovy Vary,4103,Karlovy Vary,7,veřejné/státní,9,maturitní,1,SOS,SOŠ,SEK,63-41-M/02,Obchodní akademie,,den,4,ne,Český,30,4.733333333333333,142,67,43,31,1,0
da328179-2f04-4db6-b48d-5f15dc8eb4b5,ebae3435-1f62-434c-870e-54073c1fc213,2026,1,izo_000077224,600009190,"OA, VOŠ cest.ruchu a Jaz.škola s pr. SJZ",Bezručova 1312,Karlovy Vary,36001,CZ041,Karlovarský,CZ0412,Karlovy Vary,4103,Karlovy Vary,7,veřejné/státní,9,maturitní,1,SOS,SOŠ,SHP,65-42-M/02,Cestovní ruch,,den,4,ne,Český,60,4.383333333333334,263,105,104,50,3,1
2024d4cf-ff2a-4818-9f34-6a139df534c1,7d639a38-2efa-4e57-9245-2f7d4d8e8a65,2026,1,izo_000077135,600009203,SUPŠ keramická a sklářská K. Vary,nám. 17. listopadu 710,Karlovy Vary,36005,CZ041,Karlovarský,CZ0412,Karlovy Vary,4103,Karlovy Vary,7,veřejné/státní,9,maturitní,1,SOS,SOŠ,SZE,16-01-M/01,Ekologie a životní prostředí,,den,4,ne,Český s výukou vybraných předmětů v cizím jazyce,15,3.4,51,10,16,23,2,0
e14fe422-aec9-4969-ad59-b9383dbaac19,42555d17-57ba-4bdd-9d6e-599f69e7fe92,2026,1,izo_000077135,600009203,SUPŠ keramická a sklářská K. Vary,nám. 17. listopadu 710,Karlovy Vary,36005,CZ041,Karlovarský,CZ0412,Karlovy Vary,4103,Karlovy Vary,7,veřejné/státní,9,maturitní,1,SOS,SOŠ,ST1,28-44-M/01,Aplikovaná chemie,,den,4,ne,Český s výukou vybraných předmětů v cizím jazyce,15,2.2,33,11,10,11,1,0
2e89a3a0-2d6c-4cd3-ad91-63363bd1eec0,6ab9cb69-0702-4d7e-a289-c49b22f76b8c,2026,1,izo_000077135,600009203,SUPŠ keramická a sklářská K. Vary,nám. 17. listopadu 710,Karlovy Vary,36005,CZ041,Karlovarský,CZ0412,Karlovy Vary,4103,Karlovy Vary,7,veřejné/státní,9,nematuritní,2,SOU_VL,SOU s výuč. listem,UVL,28-57-H/01,Výrobce a dekoratér keramiky,,den,3,ne,Český,5,4.2,21,3,6,10,1,1
951d6877-e946-4bb2-8ab8-5f43d56b499b,e479e934-8c01-4c4e-9b7a-0db603a1ab32,2026,1,izo_000077135,600009203,SUPŠ keramická a sklářská K. Vary,nám. 17. listopadu 710,Karlovy Vary,36005,CZ041,Karlovarský,CZ0412,Karlovy Vary,4103,Karlovy Vary,7,veřejné/státní,9,nematuritní,2,SOU_VL,SOU s výuč. listem,UVL,28-58-H/01,Sklář - výrobce a zušlechťovatel skla,,den,3,ne,Český,5,4.6,23,9,6,6,1,1
0faf2b65-00aa-482c-85f5-9b4761b2b7d1,8544bf8a-1479-483f-8903-16d2cd8266eb,2026,1,izo_000077135,600009203,SUPŠ keramická a sklářská K. Vary,nám. 17. listopadu 710,Karlovy Vary,36005,CZ041,Karlovarský,CZ0412,Karlovy Vary,4103,Karlovy Vary,7,veřejné/státní,9,maturitní,2,SOS,SOŠ,SUM,82-41-M/02,Užitá fotografie a média,,den,4,ne,Český,15,2.4,36,15,13,3,2,3
bfcc4561-1d43-40d9-ae35-1c43ce02d0b5,b5fc5e4a-8a88-4b9b-b0a5-dd13025e75cd,2026,1,izo_000077135,600009203,SUPŠ keramická a sklářská K. Vary,nám. 17. listopadu 710,Karlovy Vary,36005,CZ041,Karlovarský,CZ0412,Karlovy Vary,4103,Karlovy Vary,7,veřejné/státní,9,maturitní,2,SOS,SOŠ,SUM,82-41-M/05,Grafický design,,den,4,ne,Český,15,3.7333333333333334,56,33,14,5,4,0
04c1d223-7657-4da9-b626-787674df3d42,66997c29-89b9-4ce8-8195-e0e4de3f8063,2026,1,izo_000077135,600009203,SUPŠ keramická a sklářská K. Vary,nám. 17. listopadu 710,Karlovy Vary,36005,CZ041,Karlovarský,CZ0412,Karlovy Vary,4103,Karlovy Vary,7,veřejné/státní,9,maturitní,2,SOS,SOŠ,SUM,82-41-M/07,Modelářství a návrhářství oděvů,,den,4,ne,Český,12,2.4166666666666665,29,16,8,2,2,1
8de98c95-2dc7-43c8-a6c8-12b8b0a652da,40be7411-19d8-4f83-a036-b515f7960c0f,2026,1,izo_000077135,600009203,SUPŠ keramická a sklářská K. Vary,nám. 17. listopadu 710,Karlovy Vary,36005,CZ041,Karlovarský,CZ0412,Karlovy Vary,4103,Karlovy Vary,7,veřejné/státní,9,maturitní,2,SOS,SOŠ,SUM,82-41-M/12,Výtvarné zpracování keramiky a porcelánu,,den,4,ne,Český,10,2.2,22,8,7,2,4,1
169f63b4-7234-41f9-8bd9-ceeadfff1050,24fda18e-6d27-4141-88ac-544156ea406e,2026,1,izo_000077135,600009203,SUPŠ keramická a sklářská K. Vary,nám. 17. listopadu 710,Karlovy Vary,36005,CZ041,Karlovarský,CZ0412,Karlovy Vary,4103,Karlovy Vary,7,veřejné/státní,9,maturitní,2,SOS,SOŠ,SUM,82-41-M/13,Výtvarné zpracování skla a světelných objektů,,den,4,ne,Český,8,0.875,7,2,5,0,0,0
02b05377-accf-4c6c-a7f2-5aa196bbec24,c3cad338-0766-45be-8b6b-e86286a1ca9f,2026,1,izo_049752391,600009211,"Soukr.obchod. akademie Podnikatel,s.r.o.",nám. V. Řezáče 136,Karlovy Vary,36001,CZ041,Karlovarský,CZ0412,Karlovy Vary,4103,Karlovy Vary,5,soukromé,9,maturitní,1,SOS,SOŠ,SEK,63-41-M/02,Obchodní akademie,Cestovní ruch,den,4,ne,Český,30,3.3333333333333335,100,18,38,40,2,2
806da292-5f9e-43d9-984f-58cdafd276e3,c3cad338-0766-45be-8b6b-e86286a1ca9f,2026,1,izo_049752391,600009211,"Soukr.obchod. akademie Podnikatel,s.r.o.",nám. V. Řezáče 136,Karlovy Vary,36001,CZ041,Karlovarský,CZ0412,Karlovy Vary,4103,Karlovy Vary,5,soukromé,9,maturitní,1,SOS,SOŠ,SEK,63-41-M/02,Obchodní akademie,Právo a finance,den,4,ne,Český,22,3.9545454545454546,87,14,31,41,0,1
98688b53-e34e-41bd-b983-e9a7b46a2bc6,34b321de-53b5-46e3-abcd-29e0d5977659,2026,1,izo_042840431,600009238,"Střední odborná škola Karlovy Vary,s.r.o",Konečná 908,Karlovy Vary,36005,CZ041,Karlovarský,CZ0412,Karlovy Vary,4103,Karlovy Vary,5,soukromé,9,nematuritní,2,SOU_VL,SOU s výuč. listem,UVL,23-68-H/01,Mechanik opravář motorových vozidel,,den,3,ne,Český,19,2.8947368421052633,55,12,20,21,1,1
e21a2fbe-993d-4f81-8055-d05c5f076af2,a4569ea4-da95-49b8-a214-37968940997a,2026,1,izo_042840431,600009238,"Střední odborná škola Karlovy Vary,s.r.o",Konečná 908,Karlovy Vary,36005,CZ041,Karlovarský,CZ0412,Karlovy Vary,4103,Karlovy Vary,5,soukromé,9,nematuritní,2,SOU_VL,SOU s výuč. listem,UVL,26-51-H/02,Elektrikář - silnoproud,,den,3,ne,Český,10,3.1,31,9,12,10,0,0
9441da18-76fb-4096-b173-1bc31bf9a01a,2fd79a76-d03a-4e10-89e3-6f6a62f23687,2026,1,izo_042840431,600009238,"Střední odborná škola Karlovy Vary,s.r.o",Konečná 908,Karlovy Vary,36005,CZ041,Karlovarský,CZ0412,Karlovy Vary,4103,Karlovy Vary,5,soukromé,9,nematuritní,2,SOU_VL,SOU s výuč. listem,UVL,33-56-H/01,Truhlář,,den,3,ne,Český,10,1.8,18,4,4,9,1,0
0b9ebb28-e688-447e-b138-cfab09c2e6f1,542d878c-3b61-4494-9d0d-11afb1db034e,2026,1,izo_042840431,600009238,"Střední odborná škola Karlovy Vary,s.r.o",Konečná 908,Karlovy Vary,36005,CZ041,Karlovarský,CZ0412,Karlovy Vary,4103,Karlovy Vary,5,soukromé,9,nematuritní,2,SOU_VL,SOU s výuč. listem,UVL,36-52-H/01,Instalatér,,den,3,ne,Český,5,3.4,17,6,5,6,0,0
3ee16241-cf79-47ea-af70-d0d664ec0898,39ba7a1c-57fb-4953-8385-bbef03c43d11,2026,1,izo_042840431,600009238,"Střední odborná škola Karlovy Vary,s.r.o",Konečná 908,Karlovy Vary,36005,CZ041,Karlovarský,CZ0412,Karlovy Vary,4103,Karlovy Vary,5,soukromé,9,nematuritní,2,SOU_VL,SOU s výuč. listem,UVL,39-41-H/01,Malíř a lakýrník,,den,3,ne,Český,5,2,10,1,4,5,0,0
f1a47d87-e088-4491-9c12-a4678f75e5ac,262d0cc3-ed94-442f-9aa5-7dd3a3a063fa,2026,1,izo_042840431,600009238,"Střední odborná škola Karlovy Vary,s.r.o",Konečná 908,Karlovy Vary,36005,CZ041,Karlovarský,CZ0412,Karlovy Vary,4103,Karlovy Vary,5,soukromé,9,maturitní,1,SOU,SOU s maturitou,UTE,39-41-L/01,Autotronik,,den,4,ne,Český,22,1.8636363636363635,41,11,19,10,1,0
eb75ff22-3bbe-4990-9a01-71b937d6783c,ff6c0687-1274-4501-8e6f-d06faf0131a7,2026,1,izo_000076970,600009262,První české gymnázium v Karlových Varech,Národní 445,Karlovy Vary,36001,CZ041,Karlovarský,CZ0412,Karlovy Vary,4103,Karlovy Vary,7,veřejné/státní,9,maturitní,1,GY4,Gymnázia 4letá,GY4,79-41-K/41,Gymnázium,,den,4,ne,Český,30,2.7,81,47,24,10,0,0
c3d7a666-e55d-43f9-9139-c3b39d554c05,cebf1d85-01ea-4c16-9674-b9551aa7804c,2026,1,izo_000076970,600009262,První české gymnázium v Karlových Varech,Národní 445,Karlovy Vary,36001,CZ041,Karlovarský,CZ0412,Karlovy Vary,4103,Karlovy Vary,7,veřejné/státní,5,maturitní,1,GY8,Gymnázia 8letá,GY8,79-41-K/81,Gymnázium,,den,8,ne,Český,60,2.8833333333333333,173,111,57,5,0,0
622a9c8d-df59-4682-9233-fbca84c534e2,c36c55c1-d599-4794-9c0b-169735572eaa,2026,1,izo_000077305,600009271,Střední lesnická škola Žlutice,Žižkov 345,Žlutice,36452,CZ041,Karlovarský,CZ0412,Karlovy Vary,4103,Karlovy Vary,7,veřejné/státní,9,maturitní,1,SOS,SOŠ,SZE,41-46-M/01,Lesnictví,,dal,4,ne,Český,10,2.1,21,17,4,0,0,0
9a30dc82-3d6f-4c83-8012-5d1e42664702,780cc5d6-6678-4080-b9c8-e24fe25e0ad0,2026,1,izo_000077305,600009271,Střední lesnická škola Žlutice,Žižkov 345,Žlutice,36452,CZ041,Karlovarský,CZ0412,Karlovy Vary,4103,Karlovy Vary,7,veřejné/státní,9,maturitní,1,SOS,SOŠ,SZE,41-46-M/01,Lesnictví,,den,4,ne,Český,32,2,64,27,13,24,0,0
dbcaa509-2d7c-491b-adbd-2f545538208a,8ed4f214-a3ea-4dd0-abf9-aa2b02f43de4,2026,1,izo_000077305,600009271,Střední lesnická škola Žlutice,Žižkov 345,Žlutice,36452,CZ041,Karlovarský,CZ0412,Karlovy Vary,4103,Karlovy Vary,7,veřejné/státní,9,nematuritní,2,SOU_VL,SOU s výuč. listem,UVL,41-52-E/01,Zahradnické práce,,den,3,ne,Český,8,0.875,7,1,2,4,0,0
bcfbc33f-05dc-4087-a836-663ee32e85b0,8c1471e8-1ff8-49dd-8d2a-5c7adba8a465,2026,1,izo_000077305,600009271,Střední lesnická škola Žlutice,Žižkov 345,Žlutice,36452,CZ041,Karlovarský,CZ0412,Karlovy Vary,4103,Karlovy Vary,7,veřejné/státní,9,nematuritní,2,SOU_VL,SOU s výuč. listem,UVL,41-52-H/01,Zahradník,,den,3,ne,Český,12,1.75,21,9,5,7,0,0
fc862983-70b4-45ce-95c0-8ab26a5bcc48,897d588e-1ffe-42b3-aa42-4423fd2b9069,2026,1,izo_000077305,600009271,Střední lesnická škola Žlutice,Žižkov 345,Žlutice,36452,CZ041,Karlovarský,CZ0412,Karlovy Vary,4103,Karlovy Vary,7,veřejné/státní,9,nematuritní,2,SOU_VL,SOU s výuč. listem,UVL,41-56-H/01,Lesní mechanizátor,,den,3,ne,Český,16,2.75,44,13,13,18,0,0
b0e08809-b466-47e2-baf9-2a930d9126b5,9dc08c24-5def-4a66-8e72-220a21a48a52,2026,1,izo_049753771,600009297,Gymnázium Ostrov,Studentská 1205,Ostrov,36301,CZ041,Karlovarský,CZ0412,Karlovy Vary,4106,Ostrov,7,veřejné/státní,9,maturitní,1,GY4,Gymnázia 4letá,GY4,79-41-K/41,Gymnázium,,den,4,ne,Český,30,2.7666666666666666,83,40,31,12,0,0
3b07cb74-5ec6-478a-9341-a038d37f398d,70eb78f6-0071-44f7-93f7-e0b39d929445,2026,1,izo_049753771,600009297,Gymnázium Ostrov,Studentská 1205,Ostrov,36301,CZ041,Karlovarský,CZ0412,Karlovy Vary,4106,Ostrov,7,veřejné/státní,5,maturitní,1,GY8,Gymnázia 8letá,GY8,79-41-K/81,Gymnázium,,den,8,ne,Český,60,2.6,156,71,78,7,0,0
7adb80e5-a274-49c7-a950-6fbd252ec32a,465a11f0-781f-4127-8f85-9c4bc4bb0ca4,2026,1,izo_110035381,600009301,Střední škola logistická Dalovice,Hlavní 114,Dalovice,36263,CZ041,Karlovarský,CZ0412,Karlovy Vary,4103,Karlovy Vary,7,veřejné/státní,9,maturitní,1,SOS,SOŠ,ST2,37-41-M/01,Provoz a ekonomika dopravy,,den,4,ne,Český,30,3.033333333333333,91,24,29,38,0,0
bbb1d7a4-ffa4-4aad-bf1b-47a8039679e8,62293849-c494-4da3-9613-c253bd1a0574,2026,1,izo_110035381,600009301,Střední škola logistická Dalovice,Hlavní 114,Dalovice,36263,CZ041,Karlovarský,CZ0412,Karlovy Vary,4103,Karlovy Vary,7,veřejné/státní,9,maturitní,1,SOS,SOŠ,ST2,37-42-M/01,Logistické a finanční služby,,den,4,ne,Český,30,3.9,117,30,42,44,0,1
3b377c82-f9d7-4b92-aa27-7421324ad021,c4ce7424-a4b3-44d5-8fd1-b6ac679ce43d,2026,1,izo_110035381,600009301,Střední škola logistická Dalovice,Hlavní 114,Dalovice,36263,CZ041,Karlovarský,CZ0412,Karlovy Vary,4103,Karlovy Vary,7,veřejné/státní,9,nematuritní,2,SOU_VL,SOU s výuč. listem,UVL,66-53-H/01,Operátor skladování,,den,3,ne,Český,24,3.4166666666666665,82,18,21,43,0,0
9444f927-9b6f-484d-9370-d2f96792047b,a395e223-0141-4080-81b3-e05aea20ad87,2026,1,izo_000669725,600009319,Střední odborná škola stavební K. Vary,nám. K. Sabiny 159,Karlovy Vary,36001,CZ041,Karlovarský,CZ0412,Karlovy Vary,4103,Karlovy Vary,7,veřejné/státní,9,nematuritní,2,SOU_VL,SOU s výuč. listem,UVL,23-51-H/01,Strojní mechanik,,den,3,ne,Český,12,2.6666666666666665,32,6,12,13,1,0
d87a97fb-2196-4488-b8b0-a25cde2bf0af,16d13a8f-fb6d-488b-baf9-2e0d0140cd61,2026,1,izo_000669725,600009319,Střední odborná škola stavební K. Vary,nám. K. Sabiny 159,Karlovy Vary,36001,CZ041,Karlovarský,CZ0412,Karlovy Vary,4103,Karlovy Vary,7,veřejné/státní,9,nematuritní,2,SOU_VL,SOU s výuč. listem,UVL,26-51-H/02,Elektrikář - silnoproud,,den,3,ne,Český,30,2.933333333333333,88,15,28,44,1,0
32fb9c5f-3d87-4ad4-8877-9da53f102e88,61876eba-3c44-4442-8b43-30ccbf5adabc,2026,1,izo_000669725,600009319,Střední odborná škola stavební K. Vary,nám. K. Sabiny 159,Karlovy Vary,36001,CZ041,Karlovarský,CZ0412,Karlovy Vary,4103,Karlovy Vary,7,veřejné/státní,9,nematuritní,2,SOU_VL,SOU s výuč. listem,UVL,33-56-H/01,Truhlář,,den,3,ne,Český,24,2.4583333333333335,59,13,9,35,1,1
bb21aeb3-53b0-45ae-b929-d4c5230f62c9,ca21ac80-9dc3-4839-9406-cc3174b8ba0e,2026,1,izo_000669725,600009319,Střední odborná škola stavební K. Vary,nám. K. Sabiny 159,Karlovy Vary,36001,CZ041,Karlovarský,CZ0412,Karlovy Vary,4103,Karlovy Vary,7,veřejné/státní,9,maturitní,1,SOS,SOŠ,ST1,36-47-M/01,Stavebnictví,,den,4,ne,Český,30,2.6666666666666665,80,27,20,33,0,0
b33b0101-ee13-46e1-b0cd-abf581761d83,727acb1f-415d-4c81-815c-f797a8d4af8b,2026,1,izo_000669725,600009319,Střední odborná škola stavební K. Vary,nám. K. Sabiny 159,Karlovy Vary,36001,CZ041,Karlovarský,CZ0412,Karlovy Vary,4103,Karlovy Vary,7,veřejné/státní,9,nematuritní,2,SOU_VL,SOU s výuč. listem,UVL,36-52-H/01,Instalatér,,den,3,ne,Český,24,3.375,81,16,38,26,1,0
fa9745be-8f1b-4db1-a764-e86eb0c74e91,dc7632d6-d8bf-43b3-a179-918a55e1a0e3,2026,1,izo_000669725,600009319,Střední odborná škola stavební K. Vary,nám. K. Sabiny 159,Karlovy Vary,36001,CZ041,Karlovarský,CZ0412,Karlovy Vary,4103,Karlovy Vary,7,veřejné/státní,9,nematuritní,2,SOU_VL,SOU s výuč. listem,UVL,36-67-E/02,Stavební práce,,den,2,ne,Český,24,0.2916666666666667,7,4,1,2,0,0
c702b4c2-891e-429f-a5d1-dd3602365f75,0551f0ab-3e6d-48ff-9a37-0cbfe95b3936,2026,1,izo_000669725,600009319,Střední odborná škola stavební K. Vary,nám. K. Sabiny 159,Karlovy Vary,36001,CZ041,Karlovarský,CZ0412,Karlovy Vary,4103,Karlovy Vary,7,veřejné/státní,9,nematuritní,2,SOU_VL,SOU s výuč. listem,UVL,36-67-H/01,Zedník,,den,3,ne,Český,30,2.033333333333333,61,20,15,26,0,0
e362f8ba-1e0e-4bbb-b4dd-1af18d04d1ef,496c64c3-c3ed-44d9-8fc4-d2d8d369651d,2026,1,izo_000669725,600009319,Střední odborná škola stavební K. Vary,nám. K. Sabiny 159,Karlovy Vary,36001,CZ041,Karlovarský,CZ0412,Karlovy Vary,4103,Karlovy Vary,7,veřejné/státní,9,nematuritní,2,SOU_VL,SOU s výuč. listem,UVL,39-41-H/01,Malíř a lakýrník,,den,3,ne,Český,12,3.1666666666666665,38,5,20,13,0,0
66b9ebd0-fe83-4657-87c2-a34da72a51b8,aa32398d-9cf7-43d8-8011-5a75a09cc782,2026,1,izo_049767194,600009882,Gymnázium Sokolov a Krajské vzděl.centr.,Husitská 2053,Sokolov,35601,CZ041,Karlovarský,CZ0413,Sokolov,4107,Sokolov,7,veřejné/státní,9,maturitní,1,GY4,Gymnázia 4letá,GY4,79-41-K/41,Gymnázium,,den,4,ne,Český,60,1.6,96,38,37,19,1,1
933de324-4ae2-440f-9622-a16986c386ac,08f9ed03-5a36-4d6b-aac5-6bda250e3028,2026,1,izo_049767194,600009882,Gymnázium Sokolov a Krajské vzděl.centr.,Husitská 2053,Sokolov,35601,CZ041,Karlovarský,CZ0413,Sokolov,4107,Sokolov,7,veřejné/státní,7,maturitní,1,GY6,Gymnázia 6letá,GY6,79-41-K/61,Gymnázium,,den,6,ne,Český,30,1.8333333333333333,55,49,4,2,0,0
98432a2d-208a-44fd-8691-f7cfb37f1bd4,40dc6aa0-d5b9-491e-bb21-e60629814ac9,2026,1,izo_049767194,600009882,Gymnázium Sokolov a Krajské vzděl.centr.,Husitská 2053,Sokolov,35601,CZ041,Karlovarský,CZ0413,Sokolov,4107,Sokolov,7,veřejné/státní,5,maturitní,1,GY8,Gymnázia 8letá,GY8,79-41-K/81,Gymnázium,,den,8,ne,Český,30,3.3333333333333335,100,58,10,32,0,0
5f80c8f6-fae8-470b-bef2-192ed0995415,3c1aba62-9c4e-41bc-b963-3b4bf2eede7a,2026,1,izo_049790820,600009904,Soukr. obchodní akademie Sokolov s.r.o.,Hornická 1569,Sokolov,35601,CZ041,Karlovarský,CZ0413,Sokolov,4107,Sokolov,5,soukromé,9,maturitní,1,SOS,SOŠ,SEK,63-41-M/02,Obchodní akademie,,dal,4,ne,Český,12,1.5,18,12,4,2,0,0
50480a4d-8186-416e-b095-dd58b9a3d77e,b34de7b3-4014-402c-bcc1-3418e71ab01d,2026,1,izo_049790820,600009904,Soukr. obchodní akademie Sokolov s.r.o.,Hornická 1569,Sokolov,35601,CZ041,Karlovarský,CZ0413,Sokolov,4107,Sokolov,5,soukromé,9,maturitní,1,SOS,SOŠ,SEK,63-41-M/02,Obchodní akademie,"Informační technologie, Sportovní management, Moderní asistentka",den,4,ne,Český,50,2.38,119,39,35,44,1,0
3bb26c53-8d71-4d6e-8f17-11d3ab63763c,cea03afd-a8e8-4aad-bff1-55f33f57288b,2026,1,izo_049790820,600009904,Soukr. obchodní akademie Sokolov s.r.o.,Hornická 1569,Sokolov,35601,CZ041,Karlovarský,CZ0413,Sokolov,4107,Sokolov,5,soukromé,9,maturitní,1,NAS,Nástavby,NOS,64-41-L/51,Podnikání,,dal,3,ne,Český,13,2.923076923076923,38,16,15,7,0,0
a6c89bcb-5c1b-49a5-bfc1-88e1d94af502,82fe85db-ffda-4263-be14-04d125f565f0,2026,1,izo_110009711,600019632,Střední zdravotnická škola a VOŠ,Hradební 58,Cheb,35002,CZ041,Karlovarský,CZ0411,Cheb,4102,Cheb,7,veřejné/státní,9,maturitní,1,SOS,SOŠ,SZD,53-41-M/03,Praktická sestra,,den,4,ne,Český,60,1.8166666666666667,109,54,36,19,0,0
49c5e04f-f703-4332-a62c-eb37fb3b0352,2c9797dd-ba45-49e7-a973-0755992d3b6d,2026,1,izo_110009711,600019632,Střední zdravotnická škola a VOŠ,Hradební 58,Cheb,35002,CZ041,Karlovarský,CZ0411,Cheb,4102,Cheb,7,veřejné/státní,9,maturitní,1,SOS,SOŠ,SZD,53-41-M/04,Masér ve zdravotnictví,,den,4,ne,Český,15,3.466666666666667,52,14,18,19,1,0
9aa068b5-859f-4b94-94ef-b19a8acbaa2e,917460b7-097d-4b34-9ba2-ea9acaee414c,2026,1,izo_110009711,600019632,Střední zdravotnická škola a VOŠ,Hradební 58,Cheb,35002,CZ041,Karlovarský,CZ0411,Cheb,4102,Cheb,7,veřejné/státní,9,maturitní,1,SOS,SOŠ,SHU,75-41-M/01,Sociální činnost,,den,4,ne,Český,15,2.8666666666666667,43,11,13,19,0,0
be85a6ce-df1f-418d-992b-728c1e9933b3,fda27e52-8985-4eea-ad00-c51e82b009fe,2026,1,izo_110030672,600019641,Střední zdravot.škola a VOŠ zdravotnická,Poděbradská 1247,Karlovy Vary,36001,CZ041,Karlovarský,CZ0412,Karlovy Vary,4103,Karlovy Vary,7,veřejné/státní,9,maturitní,1,SOS,SOŠ,SZD,53-41-M/02,Nutriční asistent,,den,4,ne,Český,24,5.458333333333333,131,27,52,49,3,0
9e90e92c-5191-49c0-9968-8029590850f8,439e9933-ea38-4c6a-8ce4-cd126fdf63df,2026,1,izo_110030672,600019641,Střední zdravot.škola a VOŠ zdravotnická,Poděbradská 1247,Karlovy Vary,36001,CZ041,Karlovarský,CZ0412,Karlovy Vary,4103,Karlovy Vary,7,veřejné/státní,9,maturitní,1,SOS,SOŠ,SZD,53-41-M/03,Praktická sestra,,den,4,ne,Český,48,3.4583333333333335,166,71,68,27,0,0
7234dadf-b1e9-40c4-8327-1833988c9aae,0ac0adcc-72ee-446b-90cf-ff01653d5933,2026,1,izo_110030672,600019641,Střední zdravot.škola a VOŠ zdravotnická,Poděbradská 1247,Karlovy Vary,36001,CZ041,Karlovarský,CZ0412,Karlovy Vary,4103,Karlovy Vary,7,veřejné/státní,9,maturitní,1,SOS,SOŠ,SZD,53-41-M/04,Masér ve zdravotnictví,,den,4,ne,Český,24,3.0833333333333335,74,29,31,14,0,0
d782e262-8889-402c-8372-1bc64d8cfbc6,100ef49a-615f-4740-af13-c8ab1ea0a7c5,2026,1,izo_110030672,600019641,Střední zdravot.škola a VOŠ zdravotnická,Poděbradská 1247,Karlovy Vary,36001,CZ041,Karlovarský,CZ0412,Karlovy Vary,4103,Karlovy Vary,7,veřejné/státní,9,maturitní,1,LYC,Lycea,LYC,78-42-M/04,Zdravotnické lyceum,,den,4,ne,Český,24,5.083333333333333,122,53,47,22,0,0
7189c5ee-9a7d-4a71-9bea-b71a08724711,a151073f-8eb1-4b9c-bd51-8e3f0fafe8d8,2026,1,izo_000872326,600022854,Základní škola a střední škola K. Vary,Vančurova 83,Karlovy Vary,36017,CZ041,Karlovarský,CZ0412,Karlovy Vary,4103,Karlovy Vary,7,veřejné/státní,9,nematuritní,2,SOU_VL,SOU s výuč. listem,UVL,69-54-E/01,Provozní služby,"úklid v zařízeních, úklid administrativních ploch nebo veřejných prostor, hospodyně v domácnosti apod., dále výkon pomocných prací při přípravě pokrmů, při praní a žehlení prádla, při šití a opravách prádla, jednoduchých oděvů a při šití bytových doplňků.",den,2,ne,Český,17,1.5294117647058822,26,15,5,6,0,0
c290d11c-0062-49d6-a2b7-5ae5a229a893,02b3a4f3-8cf3-47f3-8e19-8d8fadd37fb1,2026,1,izo_000872326,600022854,Základní škola a střední škola K. Vary,Vančurova 83,Karlovy Vary,36017,CZ041,Karlovarský,CZ0412,Karlovy Vary,4103,Karlovy Vary,7,veřejné/státní,9,nematuritní,2,SOUbezVL,SOU bez výuč. listu,UBV,78-62-C/02,Praktická škola dvouletá,"jednoduché pracovní činnosti v oblasti služeb a výroby (např. v sociálních a komunálních službách, ve zdravotnictví, ve výrobních podnicích, v zemědělství), případně k pokračování v dalším vzdělávání",den,2,ne,Český,12,0.75,9,8,1,0,0,0
9b19dbba-37ed-4e54-9b1d-175f8d9be526,05b7b1e5-38ab-485a-90b7-6bc6b8a756e1,2026,1,izo_110100689,600066584,Základní škola a střední škola Aš,Studentská 1612,Aš,35201,CZ041,Karlovarský,CZ0411,Cheb,4101,Aš,2,veřejné/státní,9,nematuritní,2,SOUbezVL,SOU bez výuč. listu,UBV,78-62-C/02,Praktická škola dvouletá,Praktická škola dvouletá,den,2,ne,Český,7,0.2857142857142857,2,1,0,1,0,0
55c9fc07-3bc5-45d7-826d-36d74a49280e,b9d9c7f6-5096-4baa-a2dc-c5e4da2ae3ce,2026,1,izo_181025906,600073017,"Střední škola,základ.škola a mateř.škola",Havlíčkova 1717,Kraslice,35801,CZ041,Karlovarský,CZ0413,Sokolov,4104,Kraslice,2,veřejné/státní,9,nematuritní,2,SOU_VL,SOU s výuč. listem,UVL,23-51-H/01,Strojní mechanik,,den,3,ne,Český,12,1.5,18,10,5,3,0,0
ddb958eb-2691-448e-b422-9b8ba2e3657d,61ce5c56-2b8e-47fd-b8bd-710fa170e373,2026,1,izo_181025906,600073017,"Střední škola,základ.škola a mateř.škola",Havlíčkova 1717,Kraslice,35801,CZ041,Karlovarský,CZ0413,Sokolov,4104,Kraslice,2,veřejné/státní,9,nematuritní,2,SOU_VL,SOU s výuč. listem,UVL,23-52-H/01,Nástrojař,,den,3,ne,Český,12,1.1666666666666667,14,0,8,6,0,0
a3f44621-935b-4915-9979-f39f57554775,7934b70d-9974-44e1-a78c-b7cb61a313a2,2026,1,izo_130002046,600170462,Integrovaná střední škola Cheb,Obrněné brigády 2258,Cheb,35002,CZ041,Karlovarský,CZ0411,Cheb,4102,Cheb,7,veřejné/státní,9,maturitní,1,SOS,SOŠ,ST1,18-20-M/01,Informační technologie,Umělá inteligence,den,4,ne,Český,30,2.1333333333333333,64,23,19,22,0,0
a0ebf8c9-533b-4b3d-97c5-dc280cfa113b,6d304895-4eba-43d6-b16f-aa69288bf66a,2026,1,izo_130002046,600170462,Integrovaná střední škola Cheb,Obrněné brigády 2258,Cheb,35002,CZ041,Karlovarský,CZ0411,Cheb,4102,Cheb,7,veřejné/státní,9,maturitní,1,SOS,SOŠ,ST1,23-41-M/01,Strojírenství,Programování CNC strojů,den,4,ne,Český,23,1.5217391304347827,35,9,14,12,0,0
47ee08e2-6e50-40d2-9af7-e96c9936e63a,4c7963a6-47d0-41cd-bf69-07ccfe58782a,2026,1,izo_130002046,600170462,Integrovaná střední škola Cheb,Obrněné brigády 2258,Cheb,35002,CZ041,Karlovarský,CZ0411,Cheb,4102,Cheb,7,veřejné/státní,9,nematuritní,2,SOU_VL,SOU s výuč. listem,UVL,23-51-E/01,Strojírenské práce,,den,3,ne,Český,12,2.5,30,11,6,13,0,0
9915fdea-6982-4432-8c78-f1c240fe1898,80cd3e80-15ab-4e88-8923-e8af9d4147ab,2026,1,izo_130002046,600170462,Integrovaná střední škola Cheb,Obrněné brigády 2258,Cheb,35002,CZ041,Karlovarský,CZ0411,Cheb,4102,Cheb,7,veřejné/státní,9,nematuritní,2,SOU_VL,SOU s výuč. listem,UVL,23-68-H/01,Mechanik opravář motorových vozidel,,den,3,ne,Český,30,4.133333333333334,124,46,46,32,0,0
22d8c7c3-ae8e-4304-9477-61564edaff04,83afe374-d50c-4732-a3ab-eceff628e815,2026,1,izo_130002046,600170462,Integrovaná střední škola Cheb,Obrněné brigády 2258,Cheb,35002,CZ041,Karlovarský,CZ0411,Cheb,4102,Cheb,7,veřejné/státní,9,maturitní,1,SOU,SOU s maturitou,UTE,26-41-L/01,Mechanik elektrotechnik,Elektromechanik pro zařízení a přístroje,den,4,ne,Český,12,3.3333333333333335,40,14,13,13,0,0
c51becac-c4d7-48da-947b-52ac074d26b8,8408dba9-dc81-43c0-abae-c82ef0b2645b,2026,1,izo_130002046,600170462,Integrovaná střední škola Cheb,Obrněné brigády 2258,Cheb,35002,CZ041,Karlovarský,CZ0411,Cheb,4102,Cheb,7,veřejné/státní,9,nematuritní,2,SOU_VL,SOU s výuč. listem,UVL,26-52-H/01,Elektromechanik pro zařízení a přístroje,,den,3,ne,Český,30,1.8333333333333333,55,16,14,25,0,0
679c6c6d-ab2f-425c-9678-4ee95e3c963d,94382ddc-e5b3-4e21-8511-fa1f200dd8a6,2026,1,izo_130002046,600170462,Integrovaná střední škola Cheb,Obrněné brigády 2258,Cheb,35002,CZ041,Karlovarský,CZ0411,Cheb,4102,Cheb,7,veřejné/státní,9,nematuritní,2,SOU_VL,SOU s výuč. listem,UVL,29-51-E/01,Potravinářská výroba,Cukrář,den,3,ne,Český,16,2.625,42,14,16,12,0,0
1c110189-191d-4648-9cac-1b4ea125cfc4,ac4962e8-a3e3-43e8-adda-7a3533090f1b,2026,1,izo_130002046,600170462,Integrovaná střední škola Cheb,Obrněné brigády 2258,Cheb,35002,CZ041,Karlovarský,CZ0411,Cheb,4102,Cheb,7,veřejné/státní,9,nematuritní,2,SOU_VL,SOU s výuč. listem,UVL,29-54-H/01,Cukrář,,den,3,ne,Český,12,4.916666666666667,59,17,18,24,0,0
5dc1b26d-7cb0-4b72-abb8-cfe9ad4094eb,d76097b3-5a12-4f80-b882-7da3622dfa89,2026,1,izo_130002046,600170462,Integrovaná střední škola Cheb,Obrněné brigády 2258,Cheb,35002,CZ041,Karlovarský,CZ0411,Cheb,4102,Cheb,7,veřejné/státní,9,nematuritní,2,SOU_VL,SOU s výuč. listem,UVL,29-56-H/01,Řezník - uzenář,,den,3,ne,Český,12,0.4166666666666667,5,0,1,4,0,0
ba087d38-f22a-4f2f-b6fb-f7a531c71467,37335f2b-45b7-4fc5-afd3-113dcf1cbeee,2026,1,izo_130002046,600170462,Integrovaná střední škola Cheb,Obrněné brigády 2258,Cheb,35002,CZ041,Karlovarský,CZ0411,Cheb,4102,Cheb,7,veřejné/státní,9,nematuritní,2,SOU_VL,SOU s výuč. listem,UVL,33-56-H/01,Truhlář,,den,3,ne,Český,23,2.4347826086956523,56,10,20,25,1,0
dda313af-ea21-4873-bd0f-f856bd6caffe,fba2d39d-e991-4828-8df7-474828bc05ee,2026,1,izo_130002046,600170462,Integrovaná střední škola Cheb,Obrněné brigády 2258,Cheb,35002,CZ041,Karlovarský,CZ0411,Cheb,4102,Cheb,7,veřejné/státní,9,nematuritní,2,SOU_VL,SOU s výuč. listem,UVL,33-57-E/01,Dřevařská výroba,,den,3,ne,Český,12,2.0833333333333335,25,5,11,9,0,0
abc98c63-4050-4a26-8c91-b3fce438afab,809280d3-6cec-4c21-87ed-1d440ad6f59d,2026,1,izo_130002046,600170462,Integrovaná střední škola Cheb,Obrněné brigády 2258,Cheb,35002,CZ041,Karlovarský,CZ0411,Cheb,4102,Cheb,7,veřejné/státní,9,nematuritní,2,SOU_VL,SOU s výuč. listem,UVL,36-52-H/01,Instalatér,,den,3,ne,Český,23,3.1739130434782608,73,20,16,36,1,0
2f4dca85-23d7-4b98-80dd-4158b209b872,a640eca1-981d-4cbc-8914-09fb45feb9c0,2026,1,izo_130002046,600170462,Integrovaná střední škola Cheb,Obrněné brigády 2258,Cheb,35002,CZ041,Karlovarský,CZ0411,Cheb,4102,Cheb,7,veřejné/státní,9,maturitní,1,SOS,SOŠ,ST2,39-08-M/01,Požární ochrana,,den,4,ne,Český,30,1.4333333333333333,43,25,15,3,0,0
e152d532-a1f2-460b-b150-28f815697ded,ed3b7869-dbd7-46c5-9185-b8f35eefdbef,2026,1,izo_130002046,600170462,Integrovaná střední škola Cheb,Obrněné brigády 2258,Cheb,35002,CZ041,Karlovarský,CZ0411,Cheb,4102,Cheb,7,veřejné/státní,9,maturitní,1,SOS,SOŠ,SZE,41-41-M/01,Agropodnikání,,den,4,ne,Český,30,1.3,39,12,14,13,0,0
6d0ad7fb-faa7-4e44-9523-6e64723a7785,0ef85cb6-9c5b-4c5c-88fb-01ef69321aca,2026,1,izo_130002046,600170462,Integrovaná střední škola Cheb,Obrněné brigády 2258,Cheb,35002,CZ041,Karlovarský,CZ0411,Cheb,4102,Cheb,7,veřejné/státní,9,nematuritní,2,SOU_VL,SOU s výuč. listem,UVL,41-51-E/01,Zemědělské práce,,den,3,ne,Český,12,2.4166666666666665,29,9,7,13,0,0
9b5cc6f8-a859-4163-a569-021914e284ca,8e626096-3b76-4143-9540-3f57701e7ae2,2026,1,izo_130002046,600170462,Integrovaná střední škola Cheb,Obrněné brigády 2258,Cheb,35002,CZ041,Karlovarský,CZ0411,Cheb,4102,Cheb,7,veřejné/státní,9,nematuritní,2,SOU_VL,SOU s výuč. listem,UVL,41-51-H/01,Zemědělec - farmář,,den,3,ne,Český,12,2.5833333333333335,31,6,12,13,0,0
8b7f0e8f-f8b8-4b2d-a066-6e1e9d8e4daf,f5fb7e66-2727-4ce1-8073-371596803d6e,2026,1,izo_130002046,600170462,Integrovaná střední škola Cheb,Obrněné brigády 2258,Cheb,35002,CZ041,Karlovarský,CZ0411,Cheb,4102,Cheb,7,veřejné/státní,9,nematuritní,2,SOU_VL,SOU s výuč. listem,UVL,41-52-H/01,Zahradník,,den,3,ne,Český,12,1.9166666666666667,23,5,7,10,1,0
99717acc-f9eb-4d55-81ba-b536dcb62911,872bfdc0-3038-4d9f-a376-d1b7b8bd5075,2026,1,izo_130002046,600170462,Integrovaná střední škola Cheb,Obrněné brigády 2258,Cheb,35002,CZ041,Karlovarský,CZ0411,Cheb,4102,Cheb,7,veřejné/státní,9,nematuritní,2,SOU_VL,SOU s výuč. listem,UVL,41-55-H/01,Opravář zemědělských strojů,,den,3,ne,Český,30,3.3666666666666667,101,36,36,29,0,0
17ad2486-b65a-491e-acb1-6c7bce251a25,848f1b70-6011-44c5-aa03-cdb5544ecbf3,2026,1,izo_130002046,600170462,Integrovaná střední škola Cheb,Obrněné brigády 2258,Cheb,35002,CZ041,Karlovarský,CZ0411,Cheb,4102,Cheb,7,veřejné/státní,9,maturitní,1,SOS,SOŠ,SHP,63-41-M/01,Ekonomika a podnikání,,den,4,ne,Český,23,2.869565217391304,66,10,24,29,2,1
21a068c7-5352-478b-aae0-c33d0f316133,96732544-6168-4efd-ac7f-bc1c4ba9b88c,2026,1,izo_130002046,600170462,Integrovaná střední škola Cheb,Obrněné brigády 2258,Cheb,35002,CZ041,Karlovarský,CZ0411,Cheb,4102,Cheb,7,veřejné/státní,9,nematuritní,2,SOU_VL,SOU s výuč. listem,UVL,66-51-H/01,Prodavač,Výrobce lahůdek,den,3,ne,Český,23,0.9565217391304348,22,3,5,14,0,0
47bc16af-ae73-4492-a91c-c7f011484754,8a93b188-6abb-467b-9925-cb5896ec68d3,2026,1,izo_130002046,600170462,Integrovaná střední škola Cheb,Obrněné brigády 2258,Cheb,35002,CZ041,Karlovarský,CZ0411,Cheb,4102,Cheb,7,veřejné/státní,9,nematuritní,2,SOU_VL,SOU s výuč. listem,UVL,69-51-H/01,Kadeřník,,den,3,ne,Český,30,3.2666666666666666,98,30,25,42,0,1
e3244540-1e37-40e7-be25-c83b4b03aca8,7c17a0a3-e3d2-4f52-98e2-aab792b71db4,2026,1,izo_130002046,600170462,Integrovaná střední škola Cheb,Obrněné brigády 2258,Cheb,35002,CZ041,Karlovarský,CZ0411,Cheb,4102,Cheb,7,veřejné/státní,9,maturitní,2,SOU,SOU s maturitou,UOS,82-51-L/06,Uměleckořemeslná stavba hudebních nástrojů,,den,4,ne,Český,12,0.8333333333333334,10,6,0,2,2,0
a25ba4a1-014f-48ef-93ca-db5e521f26fb,91f44294-ba79-40a7-90cb-b25dd4b54ea7,2026,1,izo_049766929,600170527,ISŠ technická a ekonomická Sokolov,Jednoty 1620,Sokolov,35601,CZ041,Karlovarský,CZ0413,Sokolov,4107,Sokolov,7,veřejné/státní,9,maturitní,1,SOS,SOŠ,ST1,18-20-M/01,Informační technologie,,den,4,ne,Český,30,2.966666666666667,89,29,34,25,1,0
b1977b80-8169-4598-98a8-f4219e402d99,fd1b78ce-d6af-4f48-9f2c-78ad571c4513,2026,1,izo_049766929,600170527,ISŠ technická a ekonomická Sokolov,Jednoty 1620,Sokolov,35601,CZ041,Karlovarský,CZ0413,Sokolov,4107,Sokolov,7,veřejné/státní,9,maturitní,1,SOS,SOŠ,ST1,23-41-M/01,Strojírenství,,den,4,ne,Český,30,1,30,10,10,10,0,0
91457ed4-db70-4a55-bca3-393fcbd29bea,ce596b1b-8d5c-48b9-bb2c-912a3d270b71,2026,1,izo_049766929,600170527,ISŠ technická a ekonomická Sokolov,Jednoty 1620,Sokolov,35601,CZ041,Karlovarský,CZ0413,Sokolov,4107,Sokolov,7,veřejné/státní,9,maturitní,1,SOS,SOŠ,ST1,23-45-M/01,Dopravní prostředky,,den,4,ne,Český,30,0.8,24,6,15,3,0,0
10397f77-74a4-464a-8fdb-64cef6002c14,54f563f5-3310-4474-b103-f564c1b91ef7,2026,1,izo_049766929,600170527,ISŠ technická a ekonomická Sokolov,Jednoty 1620,Sokolov,35601,CZ041,Karlovarský,CZ0413,Sokolov,4107,Sokolov,7,veřejné/státní,9,nematuritní,2,SOU_VL,SOU s výuč. listem,UVL,23-51-H/01,Strojní mechanik,,den,3,ne,Český,30,2.066666666666667,62,10,30,22,0,0
1fe2138b-fd90-497f-9f15-4d82f3199944,eff82f78-6ff9-4b4f-a631-9885d917a1ae,2026,1,izo_049766929,600170527,ISŠ technická a ekonomická Sokolov,Jednoty 1620,Sokolov,35601,CZ041,Karlovarský,CZ0413,Sokolov,4107,Sokolov,7,veřejné/státní,9,nematuritní,2,SOU_VL,SOU s výuč. listem,UVL,23-56-H/01,Obráběč kovů,,den,3,ne,Český,30,1.4333333333333333,43,5,18,20,0,0
3b73fcfc-c7bd-49cf-96c3-2b43b082b9a7,f9163b07-bf31-438f-9ecc-4520bf180990,2026,1,izo_049766929,600170527,ISŠ technická a ekonomická Sokolov,Jednoty 1620,Sokolov,35601,CZ041,Karlovarský,CZ0413,Sokolov,4107,Sokolov,7,veřejné/státní,9,nematuritní,2,SOU_VL,SOU s výuč. listem,UVL,23-68-H/01,Mechanik opravář motorových vozidel,,den,3,ne,Český,30,4.833333333333333,145,55,52,38,0,0
6d29f327-4653-48b0-b4c3-8d761dee411b,37e94a0e-5c94-441e-a8bd-80fc42b78afa,2026,1,izo_049766929,600170527,ISŠ technická a ekonomická Sokolov,Jednoty 1620,Sokolov,35601,CZ041,Karlovarský,CZ0413,Sokolov,4107,Sokolov,7,veřejné/státní,9,maturitní,1,SOS,SOŠ,ST1,26-41-M/01,Elektrotechnika,,den,4,ne,Český,30,2.8,84,29,32,22,1,0
5f50217c-5c55-4f67-897d-3ca347c5832c,6c19aaba-8176-481c-b2b9-358063165c22,2026,1,izo_049766929,600170527,ISŠ technická a ekonomická Sokolov,Jednoty 1620,Sokolov,35601,CZ041,Karlovarský,CZ0413,Sokolov,4107,Sokolov,7,veřejné/státní,9,nematuritní,2,SOU_VL,SOU s výuč. listem,UVL,26-51-H/01,Elektrikář,,den,3,ne,Český,30,3.933333333333333,118,37,25,56,0,0
86bbe7bb-dd35-495a-ab01-6656d4dba988,22742122-f0ed-4a3f-ad5e-87a4c39d3a4a,2026,1,izo_049766929,600170527,ISŠ technická a ekonomická Sokolov,Jednoty 1620,Sokolov,35601,CZ041,Karlovarský,CZ0413,Sokolov,4107,Sokolov,7,veřejné/státní,9,maturitní,1,SOS,SOŠ,SHP,63-41-M/01,Ekonomika a podnikání,,den,4,ne,Český,45,2.6666666666666665,120,24,48,47,1,0
010ef907-f773-4d1f-ba42-0f5365993858,dbf5c9c0-666f-4083-9ded-2c335a65d9bf,2026,1,izo_049766929,600170527,ISŠ technická a ekonomická Sokolov,Jednoty 1620,Sokolov,35601,CZ041,Karlovarský,CZ0413,Sokolov,4107,Sokolov,7,veřejné/státní,9,maturitní,1,SOS,SOŠ,SHU,68-43-M/01,Veřejnosprávní činnost,,den,4,ne,Český,45,2.6,117,26,43,43,3,2
b5932f91-6b14-442c-ba42-cdd6a7949f17,56e1d4a8-539e-4a95-947d-d1aafcf9eace,2026,1,izo_151017697,610100718,"ŠMP Mánesova - gymnázium, ZŠ a MŠ s.r.o.",Mánesova 1672,Sokolov,35601,CZ041,Karlovarský,CZ0413,Sokolov,4107,Sokolov,5,soukromé,9,maturitní,1,GY4,Gymnázia 4letá,GY4,79-41-K/41,Gymnázium,,den,4,ne,Český,20,1.05,21,8,7,5,1,0
7e33d4c8-8ec8-4119-8c67-b6ccc71c80ef,16700e6a-5777-4b4d-82b6-6d7b7e91d214,2026,1,izo_150003978,650003969,"TRIVIS - SŠ veřejnoprávní K.Vary, s.r.o.",nábřeží Jana Palacha 932,Karlovy Vary,36001,CZ041,Karlovarský,CZ0412,Karlovy Vary,4103,Karlovy Vary,5,soukromé,9,maturitní,1,NAS,Nástavby,NOS,68-42-L/51,Bezpečnostní služby,,dal,3,ne,Český,30,0.9333333333333333,28,16,7,5,0,0
25d056a4-e8bf-40c9-a2ed-0b578bb52f86,84073831-8a69-4ab5-a1d3-321e9196b3b4,2026,1,izo_150003978,650003969,"TRIVIS - SŠ veřejnoprávní K.Vary, s.r.o.",nábřeží Jana Palacha 932,Karlovy Vary,36001,CZ041,Karlovarský,CZ0412,Karlovy Vary,4103,Karlovy Vary,5,soukromé,9,maturitní,1,SOS,SOŠ,SHU,68-42-M/01,Bezpečnostně právní činnost,,den,4,ne,Český,60,3.15,189,86,57,45,1,0
913254ac-4231-4d59-951e-ff50c789c14e,2501eed3-0e15-4fd1-b91b-2813fe4fd338,2026,1,izo_151011494,651011434,JEZDECKÁ AKADEMIE - SOŠ Mar.Lázně s.r.o.,,Mariánské Lázně,35301,CZ041,Karlovarský,CZ0411,Cheb,4105,Mariánské Lázně,5,soukromé,9,maturitní,1,SOS,SOŠ,SZE,41-43-M/02,Chovatelství,,den,4,ne,Český,15,0.7333333333333333,11,3,3,4,1,0
52951209-cdda-4df4-b9c5-e8549bdb108e,4671c6f0-91b4-4306-bf8c-ab8f56822fb8,2026,1,izo_151011494,651011434,JEZDECKÁ AKADEMIE - SOŠ Mar.Lázně s.r.o.,,Mariánské Lázně,35301,CZ041,Karlovarský,CZ0411,Cheb,4105,Mariánské Lázně,5,soukromé,9,nematuritní,2,SOU_VL,SOU s výuč. listem,UVL,41-53-H/02,Jezdec a chovatel koní,,den,3,ne,Český,15,1.1333333333333333,17,6,3,8,0,0
46aa035b-0be0-464c-99b9-16f19457c90e,b1168d17-2822-497c-97e3-7c33e63a1feb,2026,1,izo_151012997,651012988,Střední škola živnostenská Sokolov,Žákovská 716,Sokolov,35601,CZ041,Karlovarský,CZ0413,Sokolov,4107,Sokolov,7,veřejné/státní,9,nematuritní,2,SOU_VL,SOU s výuč. listem,UVL,29-51-E/01,Potravinářská výroba,/Cukrářské práce,den,3,ne,Český,14,2.642857142857143,37,9,11,17,0,0
f1337069-2fc8-4e7b-a723-655a8bcbd396,b97d8e98-dc1a-4882-ac63-2ff786aee43e,2026,1,izo_151012997,651012988,Střední škola živnostenská Sokolov,Žákovská 716,Sokolov,35601,CZ041,Karlovarský,CZ0413,Sokolov,4107,Sokolov,7,veřejné/státní,9,nematuritní,2,SOU_VL,SOU s výuč. listem,UVL,29-51-E/02,Potravinářské práce,/Pekařské práce,den,2,ne,Český,12,1.9166666666666667,23,6,10,7,0,0
32dc97ba-f89e-45b2-8578-d1d2c3a9ded2,a8139f0f-0216-4048-a13b-d7aff37966e9,2026,1,izo_151012997,651012988,Střední škola živnostenská Sokolov,Žákovská 716,Sokolov,35601,CZ041,Karlovarský,CZ0413,Sokolov,4107,Sokolov,7,veřejné/státní,9,nematuritní,2,SOU_VL,SOU s výuč. listem,UVL,29-53-H/01,Pekař,,den,3,ne,Český,8,2.875,23,1,7,14,0,1
e7216554-e875-47af-9fbf-28a8c4448eec,ceae0c67-6bde-47b9-afbd-53b570d31973,2026,1,izo_151012997,651012988,Střední škola živnostenská Sokolov,Žákovská 716,Sokolov,35601,CZ041,Karlovarský,CZ0413,Sokolov,4107,Sokolov,7,veřejné/státní,9,nematuritní,2,SOU_VL,SOU s výuč. listem,UVL,29-54-H/01,Cukrář,,den,3,ne,Český,24,4.083333333333333,98,30,30,37,1,0
e416b0d2-a122-4eaf-9398-73a8e02da89d,7b8b46fd-cbf5-4cf3-944c-eaf29edf69b6,2026,1,izo_151012997,651012988,Střední škola živnostenská Sokolov,Žákovská 716,Sokolov,35601,CZ041,Karlovarský,CZ0413,Sokolov,4107,Sokolov,7,veřejné/státní,9,nematuritní,2,SOU_VL,SOU s výuč. listem,UVL,33-56-H/01,Truhlář,,den,3,ne,Český,15,3.7333333333333334,56,15,13,26,2,0
2a264b9e-b0f1-462a-b819-48e074985238,8b188d0f-5b42-44bf-aae9-c75306f347be,2026,1,izo_151012997,651012988,Střední škola živnostenská Sokolov,Žákovská 716,Sokolov,35601,CZ041,Karlovarský,CZ0413,Sokolov,4107,Sokolov,7,veřejné/státní,9,nematuritní,2,SOU_VL,SOU s výuč. listem,UVL,33-57-E/01,Dřevařská výroba,/Zpracování dřeva,den,3,ne,Český,12,2.25,27,8,11,8,0,0
cce0a113-ee68-496a-8d70-90810929e4fb,58c78bf8-f89a-4d92-9309-9d48adb723dc,2026,1,izo_151012997,651012988,Střední škola živnostenská Sokolov,Žákovská 716,Sokolov,35601,CZ041,Karlovarský,CZ0413,Sokolov,4107,Sokolov,7,veřejné/státní,9,maturitní,1,NAS,Nástavby,NOS,64-41-L/51,Podnikání,,den,2,ne,Český,60,1.8833333333333333,113,80,23,10,0,0
e7fddc88-4c6e-49a7-8a70-e413c7d78086,7c02c345-c727-473b-802c-633b153fc937,2026,1,izo_151012997,651012988,Střední škola živnostenská Sokolov,Žákovská 716,Sokolov,35601,CZ041,Karlovarský,CZ0413,Sokolov,4107,Sokolov,7,veřejné/státní,9,nematuritní,2,SOU_VL,SOU s výuč. listem,UVL,65-51-E/02,Práce ve stravování,,den,2,ne,Český,14,2.7142857142857144,38,7,14,17,0,0
820b6ed3-8fb8-4950-97e9-05ccf69e3967,81c2da73-67ed-4aa7-bae0-89c4444a4bc8,2026,1,izo_151012997,651012988,Střední škola živnostenská Sokolov,Žákovská 716,Sokolov,35601,CZ041,Karlovarský,CZ0413,Sokolov,4107,Sokolov,7,veřejné/státní,9,nematuritní,2,SOU_VL,SOU s výuč. listem,UVL,65-51-H/01,Kuchař - číšník,/Číšník-servírka,den,3,ne,Český,13,4.615384615384615,60,15,23,21,1,0
96c55759-1cb2-4eb4-8463-7c9ace72b2f1,81c2da73-67ed-4aa7-bae0-89c4444a4bc8,2026,1,izo_151012997,651012988,Střední škola živnostenská Sokolov,Žákovská 716,Sokolov,35601,CZ041,Karlovarský,CZ0413,Sokolov,4107,Sokolov,7,veřejné/státní,9,nematuritní,2,SOU_VL,SOU s výuč. listem,UVL,65-51-H/01,Kuchař - číšník,/Kuchař-číšník,den,3,ne,Český,13,2.8461538461538463,37,11,13,13,0,0
90c4932a-121c-4561-89b2-c8ca088a3c12,81c2da73-67ed-4aa7-bae0-89c4444a4bc8,2026,1,izo_151012997,651012988,Střední škola živnostenská Sokolov,Žákovská 716,Sokolov,35601,CZ041,Karlovarský,CZ0413,Sokolov,4107,Sokolov,7,veřejné/státní,9,nematuritní,2,SOU_VL,SOU s výuč. listem,UVL,65-51-H/01,Kuchař - číšník,/Kuchař,den,3,ne,Český,26,1.9230769230769231,50,18,13,19,0,0
af72b49f-9fe4-4ae3-ac75-456190f582c5,db5223c2-b98b-438d-93a4-a7193bd52b99,2026,1,izo_151012997,651012988,Střední škola živnostenská Sokolov,Žákovská 716,Sokolov,35601,CZ041,Karlovarský,CZ0413,Sokolov,4107,Sokolov,7,veřejné/státní,9,nematuritní,2,SOU_VL,SOU s výuč. listem,UVL,66-51-H/01,Prodavač,,den,3,ne,Český,15,2.6666666666666665,40,11,16,11,1,1
9169ba3c-b8f8-45d6-a878-28256fe1212b,900e48ae-1b6e-4b86-9df8-cea404d82e40,2026,1,izo_151012997,651012988,Střední škola živnostenská Sokolov,Žákovská 716,Sokolov,35601,CZ041,Karlovarský,CZ0413,Sokolov,4107,Sokolov,7,veřejné/státní,9,nematuritní,2,SOU_VL,SOU s výuč. listem,UVL,66-52-H/01,Aranžér,,den,3,ne,Český,23,2.347826086956522,54,6,15,29,1,3
56598278-6b91-4923-b9ad-52190205573c,48a48455-9466-4403-aca4-ab4818a46f5d,2026,1,izo_151012997,651012988,Střední škola živnostenská Sokolov,Žákovská 716,Sokolov,35601,CZ041,Karlovarský,CZ0413,Sokolov,4107,Sokolov,7,veřejné/státní,9,maturitní,1,SOU,SOU s maturitou,UOS,69-41-L/01,Kosmetické služby,,den,4,ne,Český,30,3.7,111,27,38,44,1,1
43f9b236-e8f5-49b6-8ae2-ffa000448200,57c58bef-39ee-4799-ba06-dfeea5660d6a,2026,1,izo_151012997,651012988,Střední škola živnostenská Sokolov,Žákovská 716,Sokolov,35601,CZ041,Karlovarský,CZ0413,Sokolov,4107,Sokolov,7,veřejné/státní,9,nematuritní,2,SOU_VL,SOU s výuč. listem,UVL,69-51-H/01,Kadeřník,,den,3,ne,Český,34,3.6470588235294117,124,38,36,48,0,2
71e1605f-fa8c-442c-91fb-a18d700452be,68eec656-9350-403c-a5ef-e395583a68c8,2026,1,izo_151012997,651012988,Střední škola živnostenská Sokolov,Žákovská 716,Sokolov,35601,CZ041,Karlovarský,CZ0413,Sokolov,4107,Sokolov,7,veřejné/státní,9,maturitní,1,SOS,SOŠ,SHU,72-41-M/01,Informační služby,,den,4,ne,Český,30,1.8,54,13,17,23,1,0
