kod_zsj,lat,lon
000019,50.37062652073905,12.824169937610302
000027,50.38844209836763,12.829097362707333
000361,50.2051322095585,12.956469808893484
000485,50.22076862317226,12.16740416596324
000493,50.21880271659596,12.178974944790783
000507,50.23185309892886,12.183734308497412
000515,50.22401200458336,12.182461703100468
000523,50.22375349839247,12.19619501594097
000531,50.21965352597665,12.206685929664369
000540,50.21843260490844,12.190006734306955
000558,50.21223709794931,12.194104493255358
000566,50.2128372661779,12.204062243589606
000574,50.20560254662584,12.194045443547353
000582,50.237417440105226,12.200761504053137
001261,50.07778997779926,12.838782357032471
001279,50.123454180243755,12.848630858417959
001287,50.104291118916095,12.862207057764573
002623,50.00146948877115,12.893313635022038
002631,49.999874067682285,12.926345401828367
005894,50.361597185956995,13.076853673128465
005908,50.37140153642208,13.097373721224582
005916,50.37510373841279,13.049645096659447
005924,50.38087694081153,13.068323307963244
006751,50.148279964959016,13.038101338691341
006769,50.102907472056174,13.071408160026532
006777,50.100665829525866,13.055856308575128
006785,50.12495240521289,13.055348762893871
006793,50.15717937965457,13.081067059325411
006807,50.11555284200497,13.061849113880495
007277,50.25178548052821,12.938710556845574
007285,50.26876093094006,12.962812970370784
008869,50.412773450948094,12.903483042895369
008877,50.43749595489912,12.842065501995414
008931,50.27016028605527,12.758629340320965
008940,50.25151902260099,12.793896979854203
014613,50.143396318267236,12.642580922340713
014621,50.129161553841826,12.653586716051501
014630,50.14208811340314,12.614596052321733
014648,50.142335611569486,12.60550752754197
014656,50.1298039436883,12.685386943278594
014664,50.13889241890137,12.664737072806478
015121,50.37622607248686,12.502892044008714
015881,50.15981191295772,12.582865953301443
017795,50.16371810411408,12.602006649573246
017809,50.150073267445954,12.589591362824102
020010,50.29117385324529,12.70839702724548
020036,50.28453055507313,12.729869322511554
023728,50.124131830909064,13.165087589366394
023736,50.11266601343807,13.17892582132507
023744,50.12474862847583,13.185566468853947
024589,50.252188079148894,12.89237297370645
024597,50.24918657361134,12.914404342155326
024601,50.257197179771836,12.9122470351973
024619,50.257668586959994,12.890142271477687
024775,50.14550096286115,12.567651010817475
025518,50.2951625185506,12.81729539847718
025526,50.27445040052116,12.851187855219326
025534,50.3105083555095,12.83492183205182
026425,50.16622397146755,12.96625450235074
027022,49.99130716567936,13.007888178825052
027031,49.990247200918546,12.971022885235902
027049,49.97893721371034,12.939515653732554
029874,50.2350781122466,12.592081331898784
029882,50.23618914857829,12.633784307996748
029891,50.24866242482463,12.619314256080084
029904,50.25360291751738,12.657198355890117
030384,50.00669532679002,12.525327256544116
030392,50.024602479072726,12.545796432758264
030406,50.001578319547164,12.551391292753054
030414,50.04555182212598,12.568753324596624
030422,50.03493992245848,12.599322658446583
031046,50.17540532267276,12.84034674155724
031054,50.20126264411553,12.826801412973579
031062,50.21606225967826,12.818285659405877
032301,50.14749357266048,12.913913344977441
032310,50.12138012936249,12.881418365300132
032328,50.14098005775926,12.88421236851581
032506,49.94061563784316,12.65923093022061
034495,50.30124180105132,12.79096649380335
034509,50.319850120858106,12.805150080331677
034525,50.316585261605866,12.755080324256953
034533,50.295348077800234,12.77390600353474
034541,50.32708986995657,12.774555362446486
034631,50.13320365765415,12.31224556260527
034649,50.12041690956167,12.34934011740771
034657,50.13552163255912,12.340353837571085
034665,50.11084908059535,12.303570778804545
034673,50.14971949337828,12.337180792771953
034681,50.10887602997498,12.3484496109641
034690,50.14452882127861,12.363555462598871
036331,50.173364502526766,12.56832840000406
036340,50.19200550051124,12.569965602556834
036358,50.18099041375106,12.540305657885735
036561,50.05934804303689,12.337343041913918
036579,50.05824862032444,12.371527818427978
036595,50.03017188380396,12.369071131040307
036684,50.28435841363829,12.911531521537237
036692,50.27227322919004,12.932835815819423
038075,50.16124428227971,12.264761253354813
038083,50.16549581854581,12.243588865043892
038091,50.161968992523526,12.283162439798398
038105,50.15036439830189,12.219962655576321
038113,50.15712110209572,12.232031625104266
038121,50.17876108328043,12.265652339174355
038130,50.14224401845629,12.266678322975345
038148,50.18952368365739,12.270045864856101
038156,50.16718184702188,12.289505261775147
042382,50.38747015446819,12.771051293829803
044041,50.160181731746,12.796238373668558
044059,50.14135638146982,12.812193494152119
044067,50.15739516272511,12.82716277192452
044075,50.13447580111869,12.826870448130254
044083,50.1358056262755,12.847813906847932
044091,50.14316413114054,12.773439593341482
044105,50.13762038039506,12.736518038078703
047643,50.30179052076198,12.173333443021555
047651,50.29874513301027,12.149141578737087
047660,50.29540237270288,12.189756081275108
047678,50.30551635147947,12.137892594424905
048500,50.31107199309436,12.893399932591443
048518,50.31070891988942,12.867327917414151
048526,50.293080818709335,12.849083565600012
048534,50.290299583958316,12.877603086583989
050822,50.098731752885,12.283993604360813
050831,50.096516406201275,12.304707042542912
050849,50.078925892276274,12.324456453485112
050857,50.10326643643552,12.327271226482054
050865,50.088897515220424,12.340374351978468
050873,50.10409157023624,12.354918569257258
050881,50.08524728751958,12.360345226510079
050890,50.09048099519034,12.378110554980651
050903,50.08245200915874,12.38034083896341
050911,50.07899553639575,12.373386995366218
050920,50.07923797036364,12.36724592706897
050938,50.07327483808623,12.361776269125023
050946,50.07568522194329,12.353780826843115
050954,50.07194591010541,12.368059533776268
050962,50.07266919321186,12.374866042779038
050971,50.065888228075366,12.366192136886893
050989,50.068496924292106,12.374813304673909
050997,50.076203118164926,12.378145759473782
051004,50.07494923298436,12.382372073237118
051012,50.072993923615954,12.385785355276646
051021,50.089846852626216,12.396069242300424
051047,50.07129146905528,12.393190139133697
051055,50.08922481451299,12.425578993252497
051063,50.07011435912045,12.41130230575368
051071,50.06844188582872,12.435869099298934
051080,50.062232298536216,12.445525050041958
051098,50.06336999284177,12.353867160850541
051624,50.15057035040708,12.539896028955932
052141,50.06552209160012,12.850689878291837
052159,50.08757265395768,12.88703658010371
052167,50.26622246194187,12.73580952582445
052175,50.24442895481917,12.754452943325585
053716,50.2228219286702,12.735650463545092
053724,50.216390999341,12.741422168493774
053732,50.23422269610535,12.736854305128695
055514,50.09775334065315,13.273344271901593
055522,50.0723025712205,13.286516053362277
055531,50.11109972256257,13.236382185962652
055549,50.08089348166229,13.270757045417156
055557,50.12594268241398,13.211742207321013
055565,50.12833776792192,13.235084559049701
055573,50.1169558928153,13.27194279601169
055581,50.089337710998215,13.273421519030425
055590,50.076898685310226,13.245206690844476
055603,50.10634635141216,13.283119862839923
055611,50.063659446258484,13.284157138227524
056430,50.356295501202496,12.932364420362717
056448,50.358284203387825,12.903049894712723
056456,50.37673116566476,12.896117801123722
056464,50.37149604564331,12.958925982245201
056472,50.34519699532555,12.912999362878672
057720,50.12775255625047,12.981739176571724
057738,50.139870964984695,12.95677959184608
057746,50.14668747806068,12.97900054635914
057754,50.12432513481967,12.914049773442024
057762,50.142334763508536,12.940103957409956
058386,50.20718764070888,12.78429343341253
058394,50.228565559383036,12.798074068311083
060402,50.257211808198875,12.590257111035111
060411,50.29964308608903,12.627805640895705
060429,50.29534854841674,12.661199206518402
060437,50.28247473421104,12.605504164951675
060445,50.28064793798595,12.567673531675155
060453,50.270750883433685,12.651727675409973
060461,50.30511272449861,12.681417334932506
060470,50.28491116676577,12.622931623664726
060488,50.260933306411204,12.628251563218333
061590,50.137571254700646,12.514959705437912
061603,50.14701939096916,12.50403704361948
063428,50.22215404223128,12.881559009684516
063436,50.2242587566305,12.886894733219112
063444,50.22774937833356,12.874180786875977
063452,50.222240103749,12.891504873416398
063461,50.23111672864523,12.865511966483304
063479,50.23009564298295,12.850181597577016
063487,50.22578356756165,12.848410496509988
063495,50.227009168326006,12.859402743102933
063509,50.22001660751002,12.836001359122548
063517,50.221969317034144,12.83397288440385
063525,50.226742156286114,12.833339956699703
063533,50.22581638327031,12.820238999781495
063541,50.23273219413706,12.830836359102733
063550,50.23504895382676,12.849942936082957
063568,50.23773980550645,12.862011386825243
063576,50.24340968619799,12.877507137360872
063584,50.239220648341416,12.880455693575971
063592,50.23290601170488,12.872748338311592
063606,50.233108231705245,12.875993274592297
063614,50.23284914753353,12.882443916811349
063622,50.234897163710535,12.892586400516949
063631,50.239119482351896,12.896363181897904
063649,50.230920850449394,12.893931545279084
063657,50.20648078700984,12.922491960957
063665,50.22476621018379,12.918163877245497
063673,50.20312307764689,12.910916694821738
063681,50.19848615307143,12.89263683455082
063690,50.195984557602856,12.870922613787807
063703,50.23502889195835,12.87955134219445
064866,50.33295939830013,12.90711608618465
064874,50.31175459720299,12.916246571174021
068551,50.1820843411995,12.881936145529814
068560,50.186745081206524,12.906156295329716
068675,50.030057754443455,13.063449149030237
068683,50.057780588156405,13.052785087576105
069205,50.1766531336127,12.460645550840031
069213,50.20085383675015,12.477452626271125
069221,50.18928587121255,12.438849460108067
069230,50.260697482862014,12.248000248524187
069248,50.257918875525036,12.169898627782356
069256,50.26100848979376,12.222412620476286
069264,50.25634780058023,12.198666166895286
069949,50.03266349965694,12.970913113934103
070360,50.27455079763905,12.445488787921203
070378,50.292671576379284,12.452886774541096
070386,50.30797328803604,12.40931482313859
070394,50.30434052092382,12.43516437029195
070408,50.321218466428576,12.433164768958042
070416,50.28169649640388,12.410611144189698
070424,50.114150526255784,12.594101108913405
070432,50.11892028214008,12.62891615924287
070441,50.133805112562925,12.616078882737185
070459,50.10556166761724,12.636831436918976
070467,50.09278037881997,12.633132408328176
070475,50.084351219853914,12.616648516930695
070483,50.064641527187575,12.592285224141495
070491,50.09107332698044,12.585892213576777
070505,50.064495218005845,12.624661213317456
070688,50.15174503329628,13.25722202487239
070696,50.14486367574342,13.277664248258892
071625,50.103212815139756,13.029300760444826
071633,50.124048648469866,13.00525312579462
071641,50.11813224828033,13.02459383261152
071650,50.10379610044491,13.01013594672305
072231,50.20055338648717,12.545813678008582
072249,50.225404351479085,12.550531292313174
072257,50.19158831775281,12.542957048857811
072265,50.21410632165639,12.524344135937032
072273,50.205004880177164,12.509960946758365
072281,50.23932043837554,12.488920900395481
072290,50.233265882387286,12.52800575149278
072303,50.1944199262679,12.518240926664161
072681,50.204878860999386,12.684390354352711
073253,50.360259330076374,12.517709248782346
073261,50.35046893906627,12.49876306951486
073270,50.33873697602343,12.508545066936524
073288,50.3370101705152,12.522785336700029
073296,50.31436053941096,12.520231755788444
073300,50.32598377664641,12.505013970667232
073318,50.33102175638332,12.526709330037662
073326,50.34100933570302,12.454234068523022
073334,50.3305250313999,12.47869238978469
073351,50.237162553683426,12.164984858663784
073369,50.244380935449826,12.138834199429951
073377,50.25373308645878,12.118937880532778
073733,50.109605084608255,12.921086425390325
073741,50.07075528240519,12.910645762580856
073750,50.08507824019198,12.914556842230818
073768,50.094393329138285,12.936363018780314
073784,50.097266570323455,12.81406578212993
073792,50.11554439748237,12.815388217901605
073814,50.10774199886092,12.774583121415251
073822,50.10881808489661,12.837018214770243
073903,50.32603666832876,13.011625042764887
073920,50.353116603497426,12.995518472983552
073938,50.36392028012057,12.976110722217676
073946,50.37289400417706,12.985186939652266
073954,50.37443578420161,13.005766401043598
075965,49.93991919614358,12.83962985458428
075973,49.94550410738048,12.883396967765808
075981,49.95041275726425,12.899378551667056
075990,49.93684820019371,12.863680341750825
076635,50.19707663143357,12.394017571600877
076643,50.16940955787837,12.414379488291122
076651,50.20406283802328,12.366565477997618
076660,50.17229519711317,12.439157284413774
078280,50.35545046301917,12.967476094308875
078298,50.32177202257536,12.986868577887904
078301,50.345155878614776,12.97794055435182
078581,50.13172430305138,12.520715934360947
078590,50.12579337296496,12.526538871998103
078603,50.12312089954627,12.494816816183206
078611,50.10403046473498,12.543050598466005
078620,50.12497735668697,12.537545244005159
078638,50.09910860930684,12.570064038421219
078646,50.124357527259754,12.509543973955637
078654,50.09277941370895,12.544247841340354
078662,50.10514420418471,12.56225801186876
078671,50.25436444831254,12.99282352333864
078689,50.255489712914695,12.98688424689621
078697,50.274414505135795,12.991961485395532
079359,50.03126664349739,12.66347324809293
079367,50.06066265973766,12.64023334986522
079375,50.027033280623286,12.620213353043559
081591,50.110503359312204,12.252689234189514
081604,50.12336597450016,12.256710838041132
081612,50.124661241788374,12.22341580455102
081621,50.10512733186641,12.266835507993108
081639,50.114036177945806,12.2796240227836
081647,50.108638273623285,12.225729247468859
081655,50.10179680475975,12.238518392815742
081680,50.11920251741374,12.562974371684916
081698,50.125717423710014,12.54995473702063
081701,50.13120007535689,12.57634774353792
084379,50.030437608752365,12.46854283636071
084387,50.036605634127696,12.428180888137504
084395,50.022084566629864,12.454254961197407
084409,50.02972528321499,12.484533750682758
084417,50.022429747313765,12.430391292707736
084425,50.01043067088011,12.424080844592218
084433,50.039697333603684,12.453176295447964
084441,50.04713414887476,12.421269923351922
084450,50.00228155023383,12.450625784383902
084468,49.985834376661266,12.491408441961786
084476,50.003450813486594,12.490268630046657
084484,50.05217071480432,12.452133969847193
084492,50.045721765145316,12.493426506836332
084506,49.99041788400658,12.437101197534798
085863,50.18413699144944,12.506408628046149
085871,50.16380111358005,12.522603766008917
085880,50.180323994168134,12.530169486368834
086509,50.174124423145734,12.749573204284138
086517,50.18973613317924,12.758537386636394
086525,50.15372483243539,12.754800317534322
086533,50.177516200918696,12.7995673365104
086622,50.212501207776334,12.644925144034481
086631,50.22245983075415,12.608450329937092
088129,50.235493786328675,12.411512002898613
088137,50.250895541505116,12.379504082060091
088145,50.27004020688351,12.377334220171978
088153,50.25163741085162,12.3994525637823
088161,50.257253063651554,12.44040599683294
088170,50.25852493124606,12.364329864899702
088188,50.26963453859726,12.406723638234025
088196,50.27892285061554,12.38956990556732
088528,50.21965899822101,12.56583452122218
088536,50.21139532673419,12.579692190286469
088544,50.20511939564712,12.579232134109663
088552,50.213983369781225,12.580144888413939
088561,50.201492737777485,12.57389127294459
088625,50.15671454886064,13.151264431348139
088633,50.16081419424661,13.211522729655929
091561,49.99071513764259,12.702079631683706
091570,49.97336409279867,12.689749073348802
091588,49.964112468630304,12.700627913681696
091596,49.9590553778281,12.697398770976218
091600,49.953631044237156,12.711789577116207
091618,49.95003078896447,12.709075446658003
091626,49.94656470474618,12.707433570823362
091634,49.94937311763343,12.694747450538712
091642,49.950162476219106,12.684532538696754
091651,49.95180136615548,12.675416482066153
091669,49.94493176575237,12.689731932642005
091677,49.94105365813859,12.714134699542774
091685,49.928673577724986,12.715693973185257
093122,50.34922055737642,12.860640023295156
093131,50.3337517230984,12.860098758207386
093149,50.332832815709864,12.881606929628218
093157,50.34153593557596,12.81921947379576
094773,50.16409956922928,12.432126755588218
094781,50.16977157377518,12.49842660431131
094790,50.16456204695875,12.48079290543693
094803,50.17595290684173,12.481214293426795
094811,50.160247597896266,12.459576318401897
094820,50.14375421280772,12.463685975037903
094838,50.144448091277575,12.444014819886583
094919,50.0526620374185,12.532303909265856
094927,50.06551595728877,12.559542207645638
094935,50.0679774395954,12.53646843776508
095559,50.23939563403002,12.772192149164907
095567,50.22817254761276,12.76644130920777
097501,50.03521623997326,12.78822933851651
097519,50.024926919682535,12.749935695230027
098272,50.2073956089796,12.217296623659667
098281,50.19326743684803,12.239670851716031
098299,50.181948958791715,12.215841393868727
101729,50.137198714776105,12.477694703058681
101737,50.127073788344404,12.454041160912917
101745,50.11918683384907,12.472143926287341
101753,50.11927241980553,12.45024685587245
102601,50.33119979120829,12.682943969911598
102610,50.31306219494553,12.692942862505483
102628,50.32319256736114,12.727556521053712
102636,50.344079757612874,12.770429043837337
102644,50.36076584116027,12.676825042204534
102652,50.342937508610945,12.737313493394211
102661,50.35211442176326,12.708356584276952
105244,50.2719005514637,12.822838631185649
105252,50.27459870220906,12.784016991682517
105562,50.05616820509179,12.812939554678008
105571,50.07544358874924,12.768423666823455
106151,50.394827427230965,12.686303233425415
106160,50.367398193683925,12.731888057924092
106658,50.20782007488182,12.76571727085945
106666,50.212373024964535,12.758540063669251
106674,50.214918718962295,12.745137781639807
106682,50.20528939005844,12.726955375930581
106925,50.01466750237347,13.207356887751978
106933,50.05768046099416,13.23355366865626
106941,50.03868725030965,13.207749159456164
106950,50.07242832258267,13.214901758118756
106968,50.086139869455636,13.221523586230575
107662,50.23306917032402,12.43659219977151
107671,50.217116682613074,12.457430820776768
107689,50.20551931546686,12.42197243216211
107697,50.20289221858213,12.443868892786824
107701,50.21460748488603,12.437650239989964
107719,50.21583193175383,12.420218648280514
107727,50.21986791227337,12.485276291432791
107735,50.23657439142063,12.467919511852882
109029,50.10805531764005,12.518036600645239
109037,50.104367664117575,12.509045062715892
109045,50.11409977075269,12.488705782939014
109053,50.097418382454435,12.468816757109689
109061,50.098845579030055,12.485870644974078
109525,50.074602950825806,12.496864655653209
109533,50.0581085248416,12.47849796198075
109541,50.02931425658413,12.512598451081356
109550,50.06985996227162,12.522577483214093
109568,50.05436651926797,12.514703040818226
110965,50.251301923814,12.55199553765404
110973,50.25856829393793,12.546721764083241
110981,50.241907066327315,12.552890030129536
110990,50.26857476142105,12.529803652798666
111007,50.26349588251047,12.564527653603259
111015,50.26129583472553,12.551976918456543
111023,50.24872039025152,12.574659878097757
115819,50.3569356943746,12.949434916541664
115827,50.34122199849229,12.940590442100428
115835,50.31912801161455,12.95630514081028
115843,50.33685500181302,12.962960834848111
115851,50.325343241300786,12.937474981426591
115878,50.3047097673446,12.93346490353569
115886,50.309506823434575,12.939424386249268
115894,50.31439459301055,12.948859123742373
115908,50.30793533887527,12.951368107580034
115916,50.30262954751365,12.95338840181451
115924,50.3131768984023,12.961103182167289
115932,50.30032946215662,12.95580628132576
115959,50.29399766980147,12.980173877842851
116581,50.25777642105444,12.88206131155124
116599,50.25839975218974,12.864388045987836
116645,50.0470316288518,12.898157019402003
116653,50.0565652867662,12.867210914800953
116661,50.025819396663124,12.88936560917838
116670,50.0329300102954,12.928397122639478
116688,50.041659232950266,12.841106804492744
117137,49.96195465570714,12.78804328221889
117145,49.93798200299044,12.777187863591674
119318,50.37369824036577,12.789590095192464
119326,50.360642504878385,12.808218926652852
120596,50.1833718441467,12.936396029729227
121614,50.220250307749254,12.379356563028406
121622,50.22799320575366,12.348826442017799
121631,50.236717203780145,12.362309408740503
121649,50.20658958436979,12.337242079824279
121657,50.23127053440922,12.38802953445419
123722,50.04826336403001,12.385541248116223
125563,50.07050630542176,12.284188565689899
125580,50.088506819315974,12.264362662048807
125598,50.07977200560442,12.300998254751823
126420,50.10210192502562,12.42862379001487
126438,50.10533677549105,12.454852466912122
126446,50.09156845441986,12.445623183649246
126519,50.4158154838709,12.779788245916105
126527,50.40572791019927,12.732393597546022
126594,50.14481494736643,12.313043999222106
126608,50.134547562759636,12.280757192823675
126616,50.138824486394626,12.301157448842272
126632,50.006290174600004,12.810208115460458
126641,50.03383032556336,12.81238661467596
126659,50.00923334031289,12.784424353927477
126667,49.97601217971976,12.80435513863696
126675,49.99585356768332,12.824621400183677
126683,49.98105001611478,12.827861205580557
126691,50.02076585455682,12.808319137317717
126705,50.023688673396435,12.842848091479988
126713,49.98991547395113,12.790716802451772
132781,50.00769997382787,12.98144427997904
132799,50.01163599696825,12.95195711513714
132845,50.046863723551084,12.719136668067868
133132,50.03603271928401,13.103266336308172
133833,50.1042447332206,13.202572192577065
134139,50.383599691332336,12.595548120744377
134147,50.39482822743116,12.626127662448258
134155,50.38501838684384,12.655855960529504
136484,50.060095347425246,13.146826165979103
136492,50.068635934749906,13.182730238171828
136506,50.06966940936093,13.20421321627112
136514,50.05622041194068,13.178128562005645
136522,50.07295057437791,13.142852183929083
139033,50.00020366184995,12.75481219594205
141518,50.30995210890699,12.56195532894101
141526,50.30069921876455,12.537217179017176
141534,50.301471237362875,12.576994705026046
141542,50.29007440567808,12.546023709022478
141551,50.31208884278149,12.538303356062674
142131,50.10759207377602,12.700029915550951
142140,50.10504099670291,12.665497096728144
142158,50.10903898245679,12.640515642319325
142166,50.095525631619864,12.725296875297966
142174,50.08951017089284,12.648303677847139
142182,50.129729265641664,12.715935699585383
142191,50.08995899147107,12.67588351659635
145874,50.272898056693684,12.910195791373775
145882,50.267236047142156,12.912929601093243
145891,50.27445125282804,12.873776738135634
145904,50.265960817519165,12.895823802962333
145912,50.271371123222394,12.886939076932721
146749,50.25994955484336,12.849150583446443
146757,50.24718989993663,12.855263351891587
148083,50.14731453506386,12.403192171752352
148091,50.1577474620495,12.400230155746481
148105,50.180300702601315,12.369967066551137
148113,50.16126985761245,12.351925155066665
148121,50.15240401116283,12.376083665303398
148130,50.170390601061236,12.39384614465823
148148,50.18223976512675,12.335542182715276
151386,50.27067793452789,12.48660301115238
151394,50.286477987395486,12.494763724505756
151408,50.30780731023515,12.486602343656319
152200,50.1901022700532,12.650351095281426
152218,50.18603715388418,12.647544041637154
152226,50.18010191042181,12.640089207737581
152234,50.182429421640094,12.648551496236951
152242,50.18479515021622,12.661609900343946
152251,50.17828228433242,12.64691234219439
152269,50.176156949921776,12.653716916453336
152277,50.173187913811454,12.646641470249186
152285,50.17736422735001,12.66645360338238
152293,50.16775918120542,12.637307581685832
152307,50.15879699046009,12.650273180191771
152315,50.18320696184476,12.680916057813361
153630,50.16654118430311,12.902469091966454
153648,50.177765550875975,12.860893319258947
153761,50.252286479934064,12.720677210139272
153770,50.26266791423878,12.717087269442295
153834,50.23917752060754,12.803791582406589
153842,50.25554531201754,12.839037595663523
153851,50.255695543502725,12.81874357398489
153974,49.96663926513704,12.526299601242606
153982,49.97533352519564,12.623092630062652
153991,49.98778210081991,12.600813484788617
154008,49.99159896951616,12.61849705282738
154016,49.98538331277171,12.542056931028277
154024,49.96948268901063,12.589512010622592
154032,49.95230232956427,12.498968060993771
154041,49.94549648940111,12.54440047266549
154687,49.949271717209896,12.924163932892903
154695,49.963067428086376,12.943914294766643
154709,49.940399437158746,12.946548358219703
154717,49.93227703185475,12.916380817679165
154725,50.177330392668495,12.713662268204644
155021,50.01854624704291,12.395577794789018
156418,50.34423201768604,13.06102865822507
156426,50.3476933404285,13.073529948978177
156434,50.368587680452535,13.029127457120705
156442,50.33579265967037,13.049805533309721
156451,50.355032703103376,13.05261513496334
157252,50.16721881311651,13.003428101654691
157261,50.17765826912638,12.985865616473678
157279,50.18535019584406,13.005264618229734
157287,50.18822380649707,12.97497518536304
157643,50.376331754460296,12.55412254470717
157651,50.33580492870751,12.556481657734079
158143,50.27967118276554,12.157397806980011
158151,50.277352052952835,12.143620985884189
158160,50.27895211116978,12.188661092392287
158933,50.30412243716831,12.71962441176367
160008,50.18536535697781,12.61121669370645
160016,50.20514786556731,12.606602047619894
160024,50.1927095664676,12.63306009779918
162281,50.239516612429895,12.986524479942524
162299,50.2539348026212,12.966228930245693
162302,50.2321524564027,12.951652765858476
162311,50.232121360364985,12.981373023256442
162329,50.243739330851895,12.971565016933678
162531,50.32694110914226,12.609443558660068
162540,50.33978701817399,12.590833309460805
162558,50.342442997731595,12.626365410846699
162566,50.308466398820826,12.599915872889898
162574,50.312854493774566,12.610094170011939
162582,50.3304378359051,12.646566974951488
163171,50.061683140541675,13.07143723181946
163180,50.05983327563208,13.095407804008294
163198,50.07814810284901,13.118171242488732
163201,50.07954977486652,13.078328892791934
163210,50.05772920674289,13.117067304536905
165948,49.944639937063926,12.821832106925324
165956,49.96233573984877,12.872140323294037
165964,49.98768823487773,12.874709076893815
165972,49.961786543474545,12.82754454604515
165981,50.012815677946136,12.859619450181125
165999,49.9819738927733,12.908382976335659
166405,50.144997110190246,12.853757174703173
167924,50.08487990116551,13.006774380069613
167932,50.08643270140574,13.042692714802076
167941,50.06315116755849,12.981935837756598
167959,50.06051943103269,12.991687537041862
167967,50.067225686666916,13.028524693737022
167975,50.049284335475136,12.992042163495197
167983,50.057955970388804,12.986125648860742
168823,49.92125976437704,12.646215126514061
168831,49.91300344748791,12.686770181166272
168840,49.92729944759306,12.628897231148413
168882,50.110408927737396,12.376042917100467
168891,50.10629027431561,12.40361371071128
168904,50.113623520398164,12.387774024980367
169498,50.119142166796195,12.401698577173118
169501,50.142370048984674,12.420079139080283
169510,50.12504881708756,12.379132576730495
169528,50.11059119097588,12.416551965863448
169536,50.12614522223777,12.429030285843893
169544,50.142685739578056,12.391639233269522
169552,50.14017913375187,12.431598678367646
169561,50.13006028592288,12.399099154926951
169579,50.11567017308572,12.434013006486978
170402,50.03106050683573,13.034025992907964
170411,50.01102335604071,13.031937658990191
170429,50.04588902944107,13.02253630949107
170437,50.02860563750468,13.007776330301677
170810,49.91001922141947,12.5823782722577
170828,49.95890612957858,12.592001353701486
170836,49.92549476901061,12.543088765034838
170844,49.93432470351314,12.576537487984783
170852,49.953023092614984,12.635255745299213
170861,49.94255270790437,12.601667057557048
171808,50.087105077508724,12.502166440934868
171816,50.077479227085874,12.531543148581978
171824,50.092824078826055,12.514016317615631
171832,50.0854300769406,12.52808171395799
172626,50.148516660609396,13.101322627234207
172634,50.114320341374196,13.083494869172938
172642,50.13159411643756,13.08066049850368
175676,50.09265631541645,12.968776257499183
175684,50.055465363865146,12.93051831200233
175692,50.10837601707517,12.971036184204143
175706,50.07281600214416,12.95372564051149
176575,50.162257465980886,13.2600987733917
176583,50.17916153099918,13.268549781755375
176753,49.98365320273301,12.657774288367197
177946,50.28259268229738,13.011921120231708
178314,49.968879755162746,12.66809942836257
178322,49.94907526442548,12.649978681698743
178331,49.95896236500154,12.666156845499726
180165,50.23669156439521,12.23220302529839
180173,50.21979621205435,12.271964629686508
180181,50.2152322837059,12.244723247282927
180271,50.14018577549548,13.15029607377894
180289,50.155122814812756,13.110908861209507
180297,50.14991371568252,13.188977630271026
180301,50.14191016763644,13.125295064979412
180319,50.142144302702064,13.168713194537439
180327,50.15233394559525,13.130613069146927
180939,50.12901175256863,13.135706320486648
180947,50.11278555028263,13.114041729234362
180955,50.122494616688634,13.128797978081042
182401,50.23526330100738,12.691502080372675
182940,50.15521674618919,12.715095847945616
182958,50.14763547434376,12.684022757655871
182966,50.163148626558566,12.687019387169665
184101,49.94004560632655,12.748816487309735
184110,49.95409315752532,12.740612283275288
184535,50.317025548488864,13.032656868809637
184543,50.307623775502805,13.005897135908452
184551,50.30618876145384,13.017026041788155
184632,50.170919783835075,12.311368476882341
184641,50.15620003291437,12.301955630621475
185892,50.139265526059134,13.228207209222894
185906,50.13743131326933,13.209036348877575
185914,50.151131504355234,13.226627885201726
186708,50.26971583172545,12.682477385474359
186716,50.28118949827438,12.696302086146712
186724,50.25906588809558,12.68838985729545
186732,50.28565186781992,12.681035188290206
189685,49.95946781510306,12.754080919155818
189693,49.96989524620221,12.74135799746448
189707,49.98243185521778,12.748377352607179
191779,50.026679326886466,13.169005032604284
191787,50.03681601795469,13.143423768624551
197734,50.08053839421064,13.170839766503102
197742,50.09734483306926,13.095246105729025
197751,50.09484751599582,13.126000982779615
197769,50.0960600783003,13.166925407721866
197777,50.08322722158189,13.091205538397745
198722,50.16958795443617,13.041198880877447
300322,50.282310344254995,12.944237674792216
300331,50.34427858315131,13.047401070072077
301868,50.091090555834306,12.407051485247084
301884,50.09218992226823,12.320091628870827
301892,50.045362418849734,12.346617661643865
301906,49.93230525407532,12.736436748608227
301914,50.371493365434105,12.911788892390799
301922,50.37094794233759,12.919751692929921
301931,50.37991478863812,12.85534170270251
301949,50.38749178139575,12.923183384517055
301957,50.38215414844697,12.959292443608046
301965,50.238481082972655,12.889183094241737
301973,50.23964428927772,12.842478612047238
301981,50.24698238222412,12.81726985932237
301990,50.24539276803626,12.835339644976258
302007,50.33333698445978,12.71212101073501
302015,50.338408156538534,12.717435716940397
302023,50.32906688136086,12.741359815733066
302031,50.31870528626956,12.744101356238996
302040,50.31979969871827,12.735173897700196
302058,50.32286950165075,12.713825011291629
302074,50.060314412210566,13.010682874628845
302082,50.04925503717699,12.969453139986589
302392,50.234852352938475,12.75295488861476
302406,50.24438922629619,12.745655648474287
302414,50.250059931869814,12.75495112065558
302422,50.16338928515407,12.66894124660282
302431,50.17496677949183,12.658017753161356
302449,50.171958519102745,12.670663985037873
302457,50.17387048482547,12.62906219422522
308757,50.10274564342599,12.369766529010988
308765,50.36113376464648,12.935645779751432
308773,50.240212190511585,12.850842486846041
308781,50.2393281747886,12.83159712049143
308790,50.30530045401237,12.951847365614286
308803,50.30031262300251,12.971901108497315
308811,50.05626871162242,12.98561710094223
309036,50.13707399950954,12.821146961345281
309044,50.13431097090687,12.815512321864215
309052,50.13445694261124,12.79764110087797
309061,50.14109936489436,12.798570243427175
309079,50.13817598761705,12.795393964803004
309087,50.14014129627067,12.790154335129525
309095,50.129873652873606,12.791373576986889
309109,50.23988622142053,12.74483079837441
309117,50.24289910953529,12.741401343618755
309125,50.22837323038481,12.754395715051505
309133,50.33106395007084,12.505673423284524
309141,50.314031672829344,12.511340953079074
317926,50.16329315885322,13.170608585387226
317934,50.17292985508928,13.053975020525101
317942,50.26030877084963,13.017043403449398
317951,50.22693761316264,13.00664320234666
317977,50.12547511467734,12.807571989294185
318035,50.12225709745765,12.371579528181167
318558,50.17996058144662,12.688749119058329
318566,50.33501840955705,12.499861291420224
319309,49.960482389206895,12.720111651982577
319317,49.96133692510385,12.68884652316081
319597,50.21209307827151,12.853802574300625
319601,50.23064908976273,12.910881022247995
319619,50.23705871919559,12.916074342718424
319627,50.212456463730405,12.888075882418576
319635,50.21527881970154,12.905876926940248
319643,50.2348385615684,12.836434011461737
319651,50.23986220358017,12.86946220512859
319678,50.23144282340091,12.877433232140124
322067,50.23594914807222,12.508511705666741
322342,50.214699919986586,12.800533981385477
323578,50.011196622977806,12.539533630646694
323586,50.310645799782165,12.160284622675867
323594,50.002573466309286,12.60614791217009
323608,50.16099263243378,12.31265404374938
323616,50.164817248975595,12.334538466297069
323624,50.27580719975642,12.172695909463233
323632,50.24903389284293,12.900723517725215
323641,50.24096532447863,12.907848968398776
323659,50.275651876952494,12.897928216010389
323667,50.27455847513605,12.903840446419768
323675,50.28783881243217,13.001978076807381
323683,50.193940378242836,12.749410732714832
323691,50.1878461212917,12.744074575969643
323705,50.1826898074106,12.756638050321422
327867,50.083594956796404,12.36906237493693
327875,50.08726751132184,12.378879239537117
327883,50.07806814541247,12.343897447928553
327891,50.09820760020128,12.337650659320431
327905,50.05925900594018,12.403059758549997
327913,49.953612697119674,12.698349852547693
327921,49.95654873592753,12.688245983145386
327930,50.30811197819812,12.738434381423058
327948,50.31160447488428,12.781380357119817
327956,50.254218944705656,12.7400924808883
327964,50.24545823220488,12.727575892688975
327972,50.33428881447866,12.502944487356086
327981,50.33249695064319,12.499647027552466
327999,50.171984193118604,12.660653029670033
330043,50.17214013788312,13.104592723833983
330086,50.221370920751056,13.071829884259
331309,50.25524593950516,12.698144169468499
331317,50.151082278896034,12.622407957069347
331414,50.41799177447324,12.826544717576276
331422,50.34831541781209,13.021439597812478
332691,50.21071624497616,12.874328421773624
332704,50.2093019296857,12.804424392359106
336441,50.088076092078495,12.415565915089164
336459,50.06416433367774,12.317546380484956
336467,50.096896183826665,12.371374817444057
336475,50.03249940327711,12.416979960425909
336483,49.96111690076496,12.84917553346886
336491,50.000182427568035,12.844211671866383
336505,50.32537404673867,12.95529322420283
336513,50.311469511073064,12.976481324622952
336521,50.31457272960708,12.935751261137625
336530,50.293999012355485,12.932118422656119
336548,50.29187043387556,12.94734647835638
336556,50.32981706350317,13.02397010007744
336564,50.2830691884747,12.997064502563848
336572,50.195817983476786,12.771357833593145
390275,50.24246390937603,13.010600126619188
390321,50.24529828229204,13.191985957764013
390330,50.17545692327451,13.085808046453353
390381,50.30900317120332,13.182485070606049
390798,50.20801855516562,12.992689209746104
390836,50.30660121587468,13.105371224732366
390925,50.178060045251925,13.075383561390058
391085,50.17185950113503,13.200775933243516
391107,50.20289881600829,13.222439172144764
391247,50.21034721073991,13.151492927668233
392316,50.309536994541475,13.0566321810125
392391,50.185068847933906,13.244694671988583
